il,truth,pred,fold,n_records
CCC[N+]1(C)CCCC1|O=S(=O)([N-]S(=O)(=O)C(F)(F)F)C(F)(F)F,282.1000061035156,302.63287353515625,0,8
CCCC[N+]1(C)CCCC1|O=S(=O)([N-]S(=O)(=O)C(F)(F)F)C(F)(F)F,261.20001220703125,300.1816101074219,0,20
CCC[N+]1(C)CCCC1|O=S(=O)([N-]S(=O)(=O)C(F)(F)F)C(F)(F)F,284.6000061035156,302.63287353515625,0,8
Cc1cc[n+](CCOc2ccccc2)cc1|[Br-],352.1000061035156,380.94757080078125,0,1
CCCC[N+]1(C)CCCC1|O=S(=O)([N-]S(=O)(=O)C(F)(F)F)C(F)(F)F,266.6000061035156,300.1816101074219,0,20
CCCC[N+]1(C)CCCC1|O=S(=O)([N-]S(=O)(=O)C(F)(F)F)C(F)(F)F,256.1000061035156,300.1816101074219,0,20
CC[n+]1ccn(C)c1|O=S(=O)([O-])C(F)(F)F,263.1000061035156,277.28802490234375,0,4
CC[N+](CC)(CC)CC|F[P-](F)(F)(F)(F)F,355.1000061035156,318.21270751953125,0,3
CCCCCCCCCCCCSCC(Cn1cc[n+](C)c1)SCCCCCCCCCCCC|[Cl-],313.8999938964844,348.74212646484375,0,1
CCCC[n+]1ccn(C)c1|CCCCOP(=O)([O-])OCCCC,281.1000061035156,306.77392578125,0,1
CC[n+]1ccsc1|O=S(=O)([N-]S(=O)(=O)C(F)(F)F)C(F)(F)F,303.1000061035156,275.1692199707031,0,1
c(N(CCC)CCC)1c(N(CCC)CCC)[c+]1N(CCC)CCC|[N-](C#N)C#N,326.1000061035156,311.9024963378906,0,1
CCCCCCCCCCCCOC(=O)C[N+](C)(C)C|F[B-](F)(F)F,362.1000061035156,337.6029357910156,0,1
CCCCCCCCCCCCCCOC(=O)C[N+](C)(C)C|[O-]Cl(=O)(=O)=O,367.1000061035156,352.8908996582031,0,1
C(CCC)[P+](CCCC)(CCCC)CCCC|CC1=CC=C(C=C1)S(=O)(=O)[O-],335.25,319.9506530761719,0,1
CCCC[n+]1ccn(C)c1|N#C[N-]C#N,267.0,264.05340576171875,0,2
CC[n+]1ccn(C)c1|F[P-](F)(F)(F)(F)F,332.79998779296875,297.3269348144531,0,6
CCCCCC[N+](C)(C)CCO|[Br-],355.5,355.7394104003906,0,2
CCCCCC[N+](C)(C)CCO|[Br-],355.29998779296875,355.7394104003906,0,2
CCCCCCCCCCCC[n+]1ccn(C)c1|[Cl-],369.79998779296875,333.58056640625,0,2
CCCC[n+]1ccc(C)cc1|Cc1ccc(S(=O)(=O)[O-])cc1,324.8599853515625,325.8197937011719,0,1
CCCC[N+]1(C)CCCCC1|N#C[S-],304.32000732421875,300.747802734375,0,1
CCCC[N+]1(C)CCCC1|O=S(=O)([N-]S(=O)(=O)C(F)(F)F)C(F)(F)F,262.20001220703125,300.1816101074219,0,20
CCC[N+]1(C)CCCC1|O=S(=O)([O-])C(F)(F)F,350.70001220703125,295.591064453125,0,1
CCCC[n+]1cccc(C)c1|Cc1ccc(S(=O)(=O)[O-])cc1,323.70001220703125,325.75506591796875,0,1
CCCC[N+]1(C)CCCC1|O=S(=O)([N-]S(=O)(=O)C(F)(F)F)C(F)(F)F,260.0,300.1816101074219,0,20
CC[S+](C)CC|O=S(=O)([N-]S(=O)(=O)C(F)(F)F)C(F)(F)F,256.3999938964844,299.81695556640625,0,1
CCCCCCCC[n+]1c(-c2cscn2)n(C)c2ccccc21|CCCCCCCC[n+]1c(-c2cscn2)n(C)c2ccccc21.F[B-](F)(F)F,343.1000061035156,332.0073547363281,0,1
CCCCCC[n+]1cccc2ccccc21|O=S(=O)([N-]S(=O)(=O)C(F)(F)F)C(F)(F)F,317.20001220703125,316.8805236816406,0,2
CC[n+]1ccn(C)c1|F[P-](F)(F)(F)(F)F,331.1000061035156,297.3269348144531,0,6
CCCC[N+]1(C)CCCC1|N#C[S-],295.3999938964844,295.2822265625,0,1
CCCCCCCCCCCC[n+]1c(-c2cscn2)n(C)c2ccccc21|CCCCCCCCCCCC[n+]1c(-c2cscn2)n(C)c2ccccc21.O=S(=O)([O-])C(F)(F)F,334.1000061035156,328.13153076171875,0,1
CCCCCCCCCCCCCC[n+]1c(-c2cscn2)n(C)c2ccccc21.O=[N+]([O-])[O-]|CCCCCCCCCCCCCC[n+]1c(-c2cscn2)n(C)c2ccccc21.O=[N+]([O-])[O-],334.1000061035156,328.1338806152344,0,1
CCCCCCCCCCCCCCCC[n+]1c(-c2cscn2)n(C)c2ccccc21|CCCCCCCCCCCCCCCC[n+]1c(-c2cscn2)n(C)c2ccccc21.O=S(=O)([O-])C(F)(F)F,323.1000061035156,326.1041259765625,0,1
C[N+](C)(C)CCO|CCC(=O)[O-],282.57000732421875,322.6465148925781,0,1
Cn1cc[n+](CCO)c1|[Cl-],358.8800048828125,339.6080322265625,0,3
Cn1cc[n+](CC(CBr)N=[N+]=[N-])c1|Cn1cc[n+](CC(CBr)N=[N+]=[N-])c1.N#C[N-]C#N,271.0,278.9698486328125,0,1
CCCCCCCCCC[P+](CC)(CC)CC.O=[N+]([O-])c1cn[n-]c1|O=[N+]([O-])c1cn[n-]c1,284.0,312.8944396972656,0,1
Cn1cc[n+](CCO)c1|O=C([O-])C(F)(F)C(F)(F)C(F)(F)C(F)(F)F,294.79998779296875,285.0393371582031,0,1
Cc1n(C)cc[n+]1C1CCCC1.O=[N+]([O-])c1cn[n-]c1|O=[N+]([O-])c1cn[n-]c1,365.0,322.0824890136719,0,1
CCCC[P+](CCCC)(CCCC)CCCC|[Cl-],339.4599914550781,346.4090576171875,0,2
CCCCCCCCCCCCCCCCCC[P+](CCCC)(CCCC)CCCC|c1c[n-]nn1,297.0,322.3773193359375,0,1
CCCC[N+]1(C)CCCC1|FC(F)(F)C(F)(F)[P-](F)(F)(F)(C(F)(F)C(F)(F)F)C(F)(F)C(F)(F)F,277.0,322.52362060546875,0,4
CCCC[P+](CCCC)(CCCC)COC|c1c[n-]nn1,280.0,315.6850280761719,0,1
CCCCCCCC[P+](CC)(CC)CC.O=[N+]([O-])c1c[n-]cn1|O=[N+]([O-])c1c[n-]cn1,245.0,310.7663879394531,0,1
CCCCCCC[P+](CC)(CC)CC.O=[N+]([O-])c1cn[n-]c1|O=[N+]([O-])c1cn[n-]c1,289.0,310.235107421875,0,1
CC[n+]1ccn(C)c1C|O=S(=O)([N-]S(=O)(=O)C(F)(F)F)C(F)(F)F,298.1000061035156,281.4915466308594,0,2
CCCC[n+]1ccn(C)c1|N#C[N-]C#N,267.1000061035156,264.05340576171875,0,2
CCCC[n+]1ccn(C)c1C|F[B-](F)(F)F,310.1000061035156,310.36578369140625,0,3
C[N+](C)(C)CCO|O=C([O-])CO,311.1000061035156,321.1970520019531,0,1
[Fe+3]|CCCC[c-]1c(C)c(C)c(C)c1C.Cc1[cH-]c(C)c(C)c1C.O=S(=O)([N-]S(=O)(=O)C(F)(F)F)C(F)(F)F,307.54998779296875,337.6814270019531,0,1
CCC[N+]1(C)CCCC1|O=S(=O)([N-]S(=O)(=O)C(F)(F)F)C(F)(F)F,283.0,302.63287353515625,0,8
CCC[N+]1(C)CCCC1|O=S(=O)([N-]S(=O)(=O)C(F)(F)F)C(F)(F)F,284.1000061035156,302.63287353515625,0,8
CCCC[N+]1(C)CCCC1|O=S(=O)([N-]S(=O)(=O)C(F)(F)F)C(F)(F)F,262.0,300.1816101074219,0,20
CC[n+]1ccccc1C|O=S(=O)([N-]S(=O)(=O)C(F)(F)F)C(F)(F)F,289.0,294.0646667480469,0,1
CCC[n+]1ccc(C)cc1|O=S(=O)([N-]S(=O)(=O)C(F)(F)F)C(F)(F)F,301.0,287.52117919921875,0,1
CCCC[N+]1(C)CCCC1|O=S(=O)([N-]S(=O)(=O)C(F)(F)F)C(F)(F)F,253.0,300.1816101074219,0,20
CCCCCCCCCCCCn1cc[n+](C)c1|Cl[Fe-](Cl)(Cl)Br,287.6000061035156,306.22296142578125,0,1
CC[N+]1(C)CCCC1|CCOS(=O)(=O)[O-],306.0,308.4943542480469,0,2
C=CC[N+](C)(C)CC|O=S(=O)([O-])C(F)(F)F,262.1000061035156,292.1121826171875,0,1
CCC[N+]1(C)CCCC1|O=S(=O)([N-]S(=O)(=O)C(F)(F)F)C(F)(F)F,281.6000061035156,302.63287353515625,0,8
CCC[N+]1(C)CCCC1|O=S(=O)([N-]S(=O)(=O)C(F)(F)F)C(F)(F)F,281.1000061035156,302.63287353515625,0,8
CCCCCCCCCCCC[n+]1ccn(C)c1|[Cl-],369.3999938964844,333.58056640625,0,2
CCCC[N+]1(C)CCCC1|O=S(=O)([N-]S(=O)(=O)C(F)(F)F)C(F)(F)F,270.1000061035156,300.1816101074219,0,20
CCCC[P+](CC)(CCCC)CCCC|CCCCCCCCCCCCCCCCC(=O)[O-],251.8000030517578,304.4918518066406,0,1
CCCC[n+]1ccn(C)c1C|F[B-](F)(F)F,305.1000061035156,310.36578369140625,0,3
CCCC[N+]1(C)CCCC1|O=S(=O)([N-]S(=O)(=O)C(F)(F)F)C(F)(F)F,264.0,300.1816101074219,0,20
CCCCCCCC[n+]1csc2ccccc21|F[P-](F)(F)(F)(F)F,334.2200012207031,328.30853271484375,0,1
CCCC[N+]1(C)CCCC1|FC(F)(F)C(F)(F)[P-](F)(F)(F)(C(F)(F)C(F)(F)F)C(F)(F)C(F)(F)F,276.0,322.52362060546875,0,4
CCCCCC[n+]1csc2ccccc21|F[P-](F)(F)(F)(F)F,358.7900085449219,329.715087890625,0,1
COCC[N+]1(C)CCCC1|F[B-](F)(F)F,286.0,349.41326904296875,0,1
CCCn1c(C)cc(C)[n+]1C|O=S(=O)([N-]S(=O)(=O)C(F)(F)F)C(F)(F)F,290.1000061035156,290.6646728515625,0,1
CCCCCCCCCCCCCCCC[n+]1ccn(C)c1|[Br-],340.1000061035156,337.0226135253906,0,2
CCCCCCCCCC[N+](C)(C)C12CC3CC(CC(C3)C1)C2|O=S(=O)([N-]S(=O)(=O)C(F)(F)F)C(F)(F)F,324.3999938964844,316.6970520019531,0,1
Cn1cc[n+](CCCC[n+]2ccn(C)c2)c1|O=S(=O)([O-])C(F)(F)F.O=S(=O)([O-])C(F)(F)F,215.9499969482422,299.0797424316406,0,1
CCCCCCCC[N+](C)(C)C|O=S(=O)([N-]S(=O)(=O)C(F)(F)F)C(F)(F)F,280.1000061035156,300.37139892578125,0,1
CCCC[N+](C)(C)C|O=S(=O)([N-]S(=O)(=O)C(F)(F)F)C(F)(F)F,290.1000061035156,300.232421875,0,3
CC[N+]1(C)CCCC1|CCOS(=O)(=O)[O-],310.07000732421875,308.4943542480469,0,2
CCCC[N+](C)(CC)CC|O=S(=O)([N-]S(=O)(=O)C(F)(F)F)C(F)(F)F,283.3999938964844,300.26690673828125,0,2
CCCC[N+](C)(C)CC|O=S(=O)([N-]S(=O)(=O)C(F)(F)F)C(F)(F)F,263.1000061035156,300.16455078125,0,1
N#CCCC[n+]1ccccc1|N#C[C-](C#N)C#N,305.20001220703125,277.1202392578125,0,1
CCCCn1cc[n+](C)c1|Cl[Fe-](Cl)(Cl)Cl,264.8599853515625,283.60968017578125,0,1
CCCCCCCC[N+](CC)(CC)CC|F[Sb-](F)(F)(F)(F)F,346.75,321.498291015625,0,1
CC[N+](CC)(CC)CC|F[P-](F)(F)(F)(F)F,350.25,318.21270751953125,0,3
CCCCC[n+]1ccccc1|O=S(=O)([N-]S(=O)(=O)C(F)(F)F)C(F)(F)F,272.79998779296875,285.4723815917969,0,1
CCCCCC[n+]1ccccc1|O=S(=O)([N-]S(=O)(=O)C(F)(F)F)C(F)(F)F,276.3999938964844,286.6963195800781,0,1
CCCC[N+]1(C)CCCC1|O=S(=O)([N-]S(=O)(=O)C(F)(F)F)C(F)(F)F,255.10000610351562,300.1816101074219,0,20
CCC[N+]1(C)CCCC1|O=S(=O)([N-]S(=O)(=O)C(F)(F)F)C(F)(F)F,285.1000061035156,302.63287353515625,0,8
COC[n+]1ccn(C)c1|F[P-](F)(F)(F)(F)F,341.1000061035156,297.38677978515625,0,1
CCCC[N+](C)(C)C|O=S(=O)([N-]S(=O)(=O)C(F)(F)F)C(F)(F)F,289.1000061035156,300.232421875,0,3
Cn1cc[n+](CCO)c1|[Cl-],359.5,339.6080322265625,0,3
CC1(C)OCC(C[N+](C)(C)Cc2cccnc2)O1|F[B-](F)(F)F,293.95001220703125,375.8236999511719,0,1
C[N+](C)(CCO)Cc1ccccc1|[Cl-],346.70001220703125,404.69647216796875,0,1
CC[n+]1ccn(C)c1|CCCCCCCCCCCCCCCC(=O)[O-],326.8999938964844,312.08099365234375,0,1
C[n+]1ccn(CCOC(=O)c2cccc(I)c2)c1|F[B-](F)(F)F,350.6000061035156,330.7297058105469,0,1
Cn1cc[n+](CCCSCCC(F)(F)C(F)(F)C(F)(F)C(F)(F)C(F)(F)C(F)(F)C(F)(F)C(F)(F)F)c1|O=S(=O)([N-]S(=O)(=O)C(F)(F)F)C(F)(F)F,281.1000061035156,307.98065185546875,0,1
CCCCC/C=C\C/C=C\CCCCCCCCn1cc[n+](C)c1|O=S(=O)([N-]S(=O)(=O)C(F)(F)F)C(F)(F)F,226.39999389648438,298.5207824707031,0,1
CCC[n+]1ccccc1|N#C[N-]C#N,276.1000061035156,270.41473388671875,0,2
CCCC[N+]1(C)CCCC1|O=S(=O)([N-]S(=O)(=O)C(F)(F)F)C(F)(F)F,258.29998779296875,300.1816101074219,0,20
CC[N+](CC)(CC)CC|F[P-](F)(F)(F)(F)F,343.1000061035156,318.21270751953125,0,3
CC[n+]1ccn(C)c1|F[P-](F)(F)(F)(F)F,335.1000061035156,297.3269348144531,0,6
CC[n+]1ccn(C)c1|F[As-](F)(F)(F)(F)F,326.1000061035156,283.4659118652344,0,1
CC[n+]1ccn(C)c1C|O=S(=O)([N-]S(=O)(=O)C(F)(F)F)C(F)(F)F,300.1000061035156,281.4915466308594,0,2
CCC[n+]1ccn(C)c1|F[B-](F)(F)F,256.1000061035156,293.888427734375,0,1
CCCC[N+](CCCC)(CCCC)CCCC|O=S(=O)([N-]S(=O)(=O)C(F)(F)F)C(F)(F)F,363.1000061035156,307.292724609375,0,1
Cn1cc[n+](CC#N)c1|N#Cc1nc(C(F)(F)F)[n-]c1C#N,366.1000061035156,270.30474853515625,0,2
CCCCCC[n+]1cccc2ccccc21|O=S(=O)([N-]S(=O)(=O)C(F)(F)F)C(F)(F)F,318.0,316.8805236816406,0,2
Cn1cc[n+](CC#N)c1|N#Cc1nc(C(F)(F)F)[n-]c1C#N,365.79998779296875,270.30474853515625,0,2
CCCCCCCC[n+]1cc(C)cc(C)c1|O=S(=O)([O-])C(F)(F)F,349.1000061035156,307.3294982910156,0,1
CCCCCCOC[n+]1ccccc1|O=S(=O)([O-])NC1CCCCC1,238.1999969482422,317.5753173828125,0,1
CCOC(=O)CCC[N+](CC)(CC)CC|[Br-],351.1000061035156,345.7555236816406,0,1
CCCC[N+](C)(CCCC)CCCC|COS(=O)(=O)[O-],335.1000061035156,320.19622802734375,0,1
CCC[N+](CCC)(CCC)CCCC(=O)OCC|[Br-],352.1000061035156,348.16925048828125,0,1
CCCC[N+]1(C)CCCC1|O=S(=O)([N-]S(=O)(=O)C(F)(F)F)C(F)(F)F,265.1499938964844,300.1816101074219,0,20
CCCCCCCOC[n+]1ccccc1|O=S(=O)([O-])NC1CCCCC1,259.04998779296875,317.3038330078125,0,1
CCCC[N+]1(C)CCCC1|O=S(=O)([N-]S(=O)(=O)C(F)(F)F)C(F)(F)F,261.8999938964844,300.1816101074219,0,20
C[N+](C)(C)CC(=O)O|O=S(=O)([N-]S(=O)(=O)C(F)(F)F)C(F)(F)F,330.0,296.3992614746094,0,1
Cn1cc[n+](Cc2ccccc2)c1|F[B-](F)(F)F,350.1000061035156,341.42926025390625,0,1
CCCC[N+]1(C)CCCC1|O=S(=O)([N-]S(=O)(=O)C(F)(F)F)C(F)(F)F,259.70001220703125,300.1816101074219,0,20
CCCC[n+]1ccn(C)c1C|F[B-](F)(F)F,311.1000061035156,310.36578369140625,0,3
CCC[N+]1(C)CCCC1|O=S(=O)([N-]S(=O)(=O)C(F)(F)F)C(F)(F)F,280.1000061035156,302.63287353515625,0,8
CCCCCCCCCCCCCCCCCCn1cc[n+](C)c1|F[B-](F)(F)F,339.1000061035156,320.8211669921875,0,1
CCCC[N+]1(C)CCCC1|O=S(=O)([N-]S(=O)(=O)C(F)(F)F)C(F)(F)F,255.1999969482422,300.1816101074219,0,20
CCCC[P+](CCCC)(CCCC)CCCC|[Cl-],337.1000061035156,346.4090576171875,0,2
CCCCCCCCC[n+]1cccc(C)c1|[Cl-],337.1000061035156,339.35626220703125,0,1
CC[n+]1ccn(C)c1|F[P-](F)(F)(F)(F)F,334.1000061035156,297.3269348144531,0,6
CCCCCCCCCCCCCCCC[N+]1(C)CCCCC1|CC(=O)Oc1ccccc1C(=O)[O-],303.8999938964844,314.9880676269531,0,1
CC[n+]1ccn(C)c1|O=S(=O)([O-])C(F)(F)F,262.6000061035156,277.28802490234375,0,4
CCCC[N+]1(C)CCCC1|O=S(=O)([N-]S(=O)(=O)C(F)(F)F)C(F)(F)F,265.70001220703125,300.1816101074219,0,20
CCCC[N+]1(C)CCCC1|O=S(=O)([N-]S(=O)(=O)C(F)(F)F)C(F)(F)F,255.6999969482422,300.1816101074219,0,20
CCCC[N+]1(C)CCCC1|O=S(=O)([N-]S(=O)(=O)C(F)(F)F)C(F)(F)F,265.8999938964844,300.1816101074219,0,20
CCCCCC[N+](CC)(CC)CC|O=S(=O)([N-]S(=O)(=O)C(F)(F)F)C(F)(F)F,293.1000061035156,304.8836364746094,0,1
CCCCCCCCCCCCCCCCC(CCCCCCCCCCCCCCCC)C1=CC=[N+](C=C1)C|[I-],345.1000061035156,353.3208312988281,0,1
Cn1cc[n+](CCO)c1|[Cl-],359.1000061035156,339.6080322265625,0,3
CC[n+]1ccn(C)c1|F[P-](F)(F)(F)(F)F,333.1000061035156,297.3269348144531,0,6
CCCC[N+](C)(C)C|O=S(=O)([N-]S(=O)(=O)C(F)(F)F)C(F)(F)F,292.1000061035156,300.232421875,0,3
c1ccc(Cn2cc[n+](Cc3ccccc3)c2)cc1|O=S(=O)([N-]S(=O)(=O)C(F)(F)F)C(F)(F)F,314.8999938964844,332.2627868652344,0,1
CCCCCCCCCCn1cc[n+](C)c1|O=S(=O)([O-])C(F)(F)F,296.20001220703125,299.7940368652344,0,1
CCCC[N+]1(C)CCCC1|O=S(=O)([N-]S(=O)(=O)C(F)(F)F)C(F)(F)F,258.1000061035156,300.1816101074219,0,20
CCCCCCCCCCCCCCCC[n+]1ccn(C)c1|F[B-](F)(F)F,330.0,318.86212158203125,0,1
CC[n+]1ccn(C)c1|O=S(=O)([O-])C(F)(F)F,259.1000061035156,277.28802490234375,0,4
CCCC[N+]1(C)CCCC1|FC(F)(F)C(F)(F)[P-](F)(F)(F)(C(F)(F)C(F)(F)F)C(F)(F)C(F)(F)F,275.8999938964844,322.52362060546875,0,4
CC[n+]1ccn(C)c1|F[P-](F)(F)(F)(F)F,333.0,297.3269348144531,0,6
CCCC[N+]1(C)CCCC1|O=S(=O)([N-]S(=O)(=O)C(F)(F)F)C(F)(F)F,264.5,300.1816101074219,0,20
CC[n+]1ccn(C)c1|O=S(=O)([O-])C(F)(F)F,262.2300109863281,277.28802490234375,0,4
c(N(CCCCCC)CCCCCC)1c(N(CCCCCC)CCCCCC)[c+]1N(CCCCCC)CCCCCC|[N-](S(=O)(=O)C(F)(F)F)S(=O)(=O)C(F)(F)F,276.1000061035156,293.9883117675781,0,1
CCCC[N+]1(C)CCCC1|FC(F)(F)C(F)(F)[P-](F)(F)(F)(C(F)(F)C(F)(F)F)C(F)(F)C(F)(F)F,275.1000061035156,322.52362060546875,0,4
CCCC[N+](CCCC)(CCCC)CCCC|CCCCCCCCCCCCOS(=O)(=O)[O-],250.25,302.2381896972656,0,1
c(N(C)C)1c(N(C)C)[c+]1N(CC)CC|[N-](S(=O)(=O)C(F)(F)F)S(=O)(=O)C(F)(F)F,317.1000061035156,298.4135437011719,0,1
c(N(C)C)1c(N(C)C)[c+]1N(CCCC)C|[N-](S(=O)(=O)C(F)(F)F)S(=O)(=O)C(F)(F)F,279.1000061035156,299.2500305175781,0,1
c(N(CC)CC)1c(N(CC)CC)[c+]1N(C)C|[N-](S(=O)(=O)C(F)(F)F)S(=O)(=O)C(F)(F)F,290.1000061035156,299.6658630371094,0,1
Cn1cn[n+](CCN=[N+]=[N-])c1|Cn1cn[n+](CCN=[N+]=[N-])c1.[O-]Cl(=O)(=O)=O,221.10000610351562,297.4725036621094,0,1
C[n+]1cn(N)cn1|[O-]Cl(=O)(=O)=O,359.1000061035156,332.8344421386719,0,1
Cn1c[n+](C)nc1N=[N+]=[N-].O=[N+]([O-])[O-]|Cn1c[n+](C)nc1N=[N+]=[N-].O=[N+]([O-])[O-],371.1000061035156,289.596923828125,0,1
CC(C)CC[n+]1ccn(C)c1|O=S(=O)([N-]S(=O)(=O)C(F)(F)F)C(F)(F)F,273.1000061035156,275.8621520996094,0,1
C[N+]1(CCO)CCOCC1|O=S(=O)([N-]S(=O)(=O)C(F)(F)F)C(F)(F)F,303.05999755859375,301.3726806640625,0,1
C=Cc1ccc(Cn2cc[n+](C)c2)cc1|O=S(=O)([N-]S(=O)(=O)C(F)(F)F)C(F)(F)F,311.8999938964844,312.04034423828125,0,1
CCCCCCCC[n+]1cccc2ccccc21|O=S(=O)([N-]S(=O)(=O)C(F)(F)F)C(F)(F)F,321.29998779296875,316.23822021484375,0,1
C[n+]1ccn(CCCC#N)c1|F[P-](F)(F)(F)(F)F,345.1499938964844,303.4735412597656,0,1
CC[N+]1(C)CCOCC1|O=S(=O)([N-]S(=O)(=O)C(F)(F)F)C(F)(F)F,302.1199951171875,306.3031921386719,0,1
CCC[n+]1ccccc1|N#C[N-]C#N,281.2699890136719,270.41473388671875,0,2
CC[N+](C)(C)CCOC|F[B-](F)(F)C(F)(F)F,281.1000061035156,301.6318054199219,0,1
CC[N+](CC)(CC)CCOC|O=S(=O)([N-]S(=O)(=O)C(F)(F)F)C(F)(F)F,293.1000061035156,301.4989318847656,0,1
CCC[N+](C)(CC)CC|F[B-](F)(F)C(F)(F)C(F)(F)C(F)(F)F,330.1000061035156,307.182373046875,0,1
COCC[N+](C)(C)C|F[B-](F)(F)C(F)(F)C(F)(F)F,303.1000061035156,301.35577392578125,0,1
CC[N+](CC)(CC)CCOC|F[B-](F)(F)C(F)(F)C(F)(F)C(F)(F)C(F)(F)F,284.1000061035156,312.0486145019531,0,1
CCCC[N+](C)(CC)CC|O=S(=O)([N-]S(=O)(=O)C(F)(F)F)C(F)(F)F,282.1000061035156,300.26690673828125,0,2
CCCC[n+]1ccn(C)c1C|[Br-],349.6600036621094,353.79913330078125,0,1
CCCCCCCCCC[n+]1ccn(C)c1C|[Br-],341.3500061035156,337.4718017578125,0,1
CCCCCCCCCCCCCCCC[n+]1ccn(C)c1|[Br-],337.05999755859375,337.0226135253906,0,2
CC[N+]1=CC=CC=C1|[Br-],393.1499938964844,370.4139099121094,0,1
C[N+]1=CN(CC2=CC=CC=C2)C=C1|F[P-](F)(F)(F)(F)F,408.1499938964844,341.7077941894531,0,1
C[N+]1(CCCC)CCCCC1|F[B-](F)(F)F,422.1499938964844,357.83111572265625,0,1
CC1=CC=[N+](CCCC)C=C1|[Br-],391.1499938964844,358.7638244628906,0,1
CCCC[N+]1=CC=CC=C1|[Br-],371.1499938964844,352.8336181640625,0,1
CCN1C=C[N+](CCCCCCCCCCCC)=C1|C(F)(F)(F)S(=O)(=O)[O-],320.1499938964844,303.3438720703125,0,1
CN1C=C[N+](CC)=C1C|[Br-],413.1499938964844,370.98590087890625,0,1
C[N+]1=CN(CC)C=C1|N#C[N-]C#N,252.14999389648438,259.0373840332031,0,1
C[N+]1=CN(CC)C=C1|[O-]P(OC)(OC)=O,314.1499938964844,304.3460388183594,0,1
CN1C=C[N+](CCCCCCCCCCCCCCCC)=C1|[Cl-],483.1499938964844,337.90118408203125,0,1
CCCCCC[N+]1=CC=CC=C1|C(F)(F)(F)S(=O)(=O)[O-],336.1499938964844,299.63262939453125,0,1
C[N+]1(CCC)CCCCC1|F[B-](F)(F)F,378.1499938964844,370.7022399902344,0,1
C[N+]1=CN(CCCCCCCCCCCCCC)C=C1|O=S([N-]S(=O)(C(F)(F)F)=O)(C(F)(F)F)=O,311.1499938964844,294.6373291015625,0,1
C[P+](CCCC)(CCCC)CCCC|O=S([N-]S(=O)(C(F)(F)F)=O)(C(F)(F)F)=O,289.1499938964844,304.16748046875,0,1
CCCC[P+](CCCC)(CCCC)CCCC|CS(=O)(=O)[O-],331.1000061035156,337.5587463378906,1,2
CC[n+]1ccn(C)c1|O=S(=O)([N-]S(=O)(=O)C(F)(F)F)C(F)(F)F,263.3999938964844,288.2384033203125,1,18
CCC[N+]1(C)CCCC1|O=S(=O)([N-]S(=O)(=O)C(F)(F)C(F)(F)F)C(F)(F)C(F)(F)F,279.6000061035156,306.66387939453125,1,1
CC[n+]1ccn(C)c1|O=S(=O)([N-]S(=O)(=O)C(F)(F)F)C(F)(F)F,274.1000061035156,288.2384033203125,1,18
Cc1cc[n+](CC(=O)Nc2ccc(I)cc2F)cc1|F[P-](F)(F)(F)(F)F,326.6000061035156,354.7620544433594,1,1
CC[N+](CC)(CC)CC|O=S(=O)([N-]S(=O)(=O)C(F)(F)C(F)(F)F)C(F)(F)C(F)(F)F,356.6000061035156,303.9533386230469,1,2
CC[n+]1ccn(C)c1|O=S(=O)([N-]S(=O)(=O)C(F)(F)F)C(F)(F)F,258.1000061035156,288.2384033203125,1,18
CC[n+]1ccn(C)c1|O=S(=O)([N-]S(=O)(=O)C(F)(F)F)C(F)(F)F,257.0,288.2384033203125,1,18
CC[n+]1ccn(C)c1|O=S(=O)([N-]S(=O)(=O)C(F)(F)F)C(F)(F)F,258.0,288.2384033203125,1,18
CCCCCC[n+]1ccn(C)c1|O=S(=O)([N-]S(=O)(=O)C(F)(F)F)C(F)(F)F,265.79998779296875,285.2518310546875,1,9
CCCCCC[n+]1ccn(C)c1|O=S(=O)([N-]S(=O)(=O)C(F)(F)F)C(F)(F)F,272.1099853515625,285.2518310546875,1,9
CCCC[N+]1(C)CCCCC1|F[P-](F)(F)(F)(F)F,354.70001220703125,373.0321960449219,1,1
CCCC[n+]1ccn(C)c1|CCCCCCOC(=O)CC(C(=O)OCCCCCC)C(C(=O)OCCCCCC)S(=O)(=O)[O-],251.1999969482422,322.529296875,1,1
CC[n+]1ccn(C)c1|O=S(=O)([N-]S(=O)(=O)C(F)(F)F)C(F)(F)F,256.1000061035156,288.2384033203125,1,18
CC[n+]1ccn(C)c1|[Br-],345.1000061035156,366.99224853515625,1,6
CC(C)[n+]1ccn(C)c1|[Br-],352.1000061035156,376.1751708984375,1,1
CCCCCCCC[n+]1ccn(C)c1|O=S(=O)([O-])O,298.1000061035156,314.9543762207031,1,1
CCCCCCCC[n+]1ccc(N(C)C)cc1|O=S(=O)([O-])C(F)(F)F,292.6000061035156,314.3724365234375,1,1
CCCCCCCCCCCCSCC(Cn1cc[n+](C)c1)SCCCCCCCCCCCC|O=S(=O)([N-]S(=O)(=O)C(F)(F)F)C(F)(F)F,272.3999938964844,288.7899169921875,1,1
CC[n+]1cccc(C)c1|O=S(=O)([N-]S(=O)(=O)C(F)(F)F)C(F)(F)F,272.0,312.1528625488281,1,1
CCCC[n+]1ccn(C)c1|O=S(=O)([O-])C(F)(F)F,285.0,288.90887451171875,1,5
CCCCCCC[N+](CCCCCCC)(CCCCCCC)CCCCCCC|[Br-],369.1499938964844,346.05523681640625,1,3
CCCCCCC[N+](CCCCCC)(CCCCCC)CCCCCC|[I-],371.1499938964844,344.13836669921875,1,1
CCCCCC[n+]1ccsc1|O=S(=O)([N-]S(=O)(=O)C(F)(F)F)C(F)(F)F,289.1000061035156,293.98907470703125,1,1
CCCC[N+](CCCC)(CCCC)CCCC|N[C@H](Cc1ccccc1)C(=O)[O-],368.0,319.4139404296875,1,1
CCCCCCOC(=O)C[N+](C)(C)C|F[B-](F)(F)F,331.1000061035156,325.16778564453125,1,1
C(CCC)OC(CN1C=[N+](C=C1)C=C)=O|FC(S(=O)(=O)[N-]S(=O)(=O)C(F)(F)F)(F)F,306.04998779296875,304.4969787597656,1,1
CCCCCCCCCCCCCCCCOC(=O)C[N+](C)(C)C|[O-]Cl(=O)(=O)=O,372.1000061035156,365.4941711425781,1,1
CCCC[N+](C)(C)CCO|[Br-],359.29998779296875,356.989990234375,1,2
CCCC[P+](CCCC)(CCCC)CCCC|CS(=O)(=O)[O-],335.3500061035156,337.5587463378906,1,2
CCCCCC[n+]1cccc(C)c1|Cc1ccc(S(=O)(=O)[O-])cc1,329.29998779296875,322.82208251953125,1,1
c(N(CC)CC)1c(N(CC)CC)[c+]1N(C)C|[N-](C#N)C#N,305.1000061035156,312.3283386230469,1,1
CCCCCCCCCCCCOC(=O)C[N+](C)(C)C|CS(=O)(=O)[O-],377.1499938964844,334.603759765625,1,1
c(N(C(C)C)C(C)C)1c(N(C(C)C)C(C)C)[c+]1N(CCCC)CCCC|[N-](C#N)C#N,320.1000061035156,319.5580749511719,1,1
CCCCCCCCCCCCCCOC(=O)C[N+](C)(C)C|N#C[N-]C#N,334.1000061035156,328.41290283203125,1,1
c(N(CC)CC)1c(N(CC)CC)[c+]1NCCCC|[N-](S(=O)(=O)C(F)(F)F)S(=O)(=O)C(F)(F)F,292.8999938964844,303.9290771484375,1,1
CCCCCCCCn1cc[n+](C)c1|[Cl-],285.4100036621094,341.2598876953125,1,1
CCCCCC[n+]1cccc(C)c1|O=S(=O)([O-])C(F)(F)F,336.0,310.23199462890625,1,2
CCCCCC[n+]1cccc(C)c1|O=S(=O)([O-])C(F)(F)F,337.760009765625,310.23199462890625,1,2
CC[n+]1ccn(C)c1|O=S(=O)([N-]S(=O)(=O)C(F)(F)F)C(F)(F)F,252.1999969482422,288.2384033203125,1,18
CCCn1cc[n+](C)c1|F[P-](F)(F)(F)(F)F,294.1000061035156,316.99688720703125,1,3
C[n+]1ccn(CCCc2ccccc2)c1|O=S(=O)([N-]S(=O)(=O)C(F)(F)F)C(F)(F)F,321.1000061035156,314.1553955078125,1,1
CCCCCCC[n+]1ccn(C)c1|O=S(=O)([N-]S(=O)(=O)C(F)(F)F)C(F)(F)F,280.1000061035156,288.3950500488281,1,2
CCCCCCCCCCCC[n+]1c(-c2cscn2)n(C)c2ccccc21|CCCCCCCCCCCC[n+]1c(-c2cscn2)n(C)c2ccccc21.F[B-](F)(F)F,329.1000061035156,333.6435546875,1,1
CCCCCCCC[n+]1c(-c2cscn2)n(C)c2ccccc21.O=[N+]([O-])[O-]|CCCCCCCC[n+]1c(-c2cscn2)n(C)c2ccccc21.O=[N+]([O-])[O-],346.1000061035156,337.690185546875,1,1
CCCCCCCCCCCCCCCC[n+]1c(-c2cscn2)n(C)c2ccccc21|CCCCCCCCCCCCCCCC[n+]1c(-c2cscn2)n(C)c2ccccc21.F[B-](F)(F)F,331.1000061035156,329.7538757324219,1,1
Cn1cc[n+](CC(Br)CN=[N+]=[N-])c1|Cn1cc[n+](CC(Br)CN=[N+]=[N-])c1.[Br-],290.0,279.27142333984375,1,1
CC[n+]1ccn(C)c1|[Br-],352.0,366.99224853515625,1,6
CC[n+]1ccn(C)c1|[I-],351.0,303.7401123046875,1,3
CCC=C[P+](CC)(CC)CC|O=S(=O)([N-]S(=O)(=O)C(F)(F)F)C(F)(F)F,322.0,299.14080810546875,1,1
CCCC[P+](CC)(CC)CC.O=[N+]([O-])c1cn[n-]c1|O=[N+]([O-])c1cn[n-]c1,320.0,303.1302490234375,1,1
CC[P+](CC)(CC)COC|c1c[n-]nn1,350.0,307.4100036621094,1,1
CCCC[n+]1ccn(C)c1|O=S(=O)([O-])C(F)(F)F,286.1000061035156,288.90887451171875,1,5
CCCC[N+](CCCC)(CCCC)CCCC.C1=C(C=C(C(=C1[N+](=O)[O-])[O-])[N+](=O)[O-])[N+](=O)[O-]|C1=C(C=C(C(=C1[N+](=O)[O-])[O-])[N+](=O)[O-])[N+](=O)[O-],362.6499938964844,315.3290100097656,1,4
CCCCCCCCC[P+](CC)(CC)CC.O=[N+]([O-])c1cn[n-]c1|O=[N+]([O-])c1cn[n-]c1,289.0,298.1698303222656,1,1
[Fe+3]|CCCCCC[c-]1c(C)c(C)c(C)c1C.Cc1[cH-]c(C)c(C)c1C.O=S(=O)([N-]S(=O)(=O)C(F)(F)F)C(F)(F)F,300.8500061035156,338.10040283203125,1,1
CC[n+]1ccn(C)c1|O=S(=O)([N-]S(=O)(=O)C(F)(F)F)C(F)(F)F,255.0,288.2384033203125,1,18
CCCCCC[n+]1ccn(C)c1|O=S(=O)([N-]S(=O)(=O)C(F)(F)F)C(F)(F)F,269.0,285.2518310546875,1,9
CC[n+]1ccccc1|O=S(=O)([O-])C(F)(F)F,289.0,303.0628967285156,1,2
CCCC[P+](CCCC)(CCCC)CCCC|O=S(=O)([N-]S(=O)(=O)C(F)(F)F)C(F)(F)F,334.8999938964844,299.14178466796875,1,1
CC[N+](C)(CC)CC|COS(=O)(=O)[O-],306.0,330.4375915527344,1,1
CCC[S+]1CCCC1|O=S(=O)([N-]S(=O)(=O)C(F)(F)F)C(F)(F)F,299.1000061035156,305.28076171875,1,2
CCCCCCCCCCn1cc[n+](C)c1|Cl[Fe-](Cl)(Cl)Br,263.79998779296875,301.0108947753906,1,1
C=CC[N+](C)(C)CC|O=S(=O)([N-]S(=O)(=O)C(F)(F)F)C(F)(F)F,284.1000061035156,293.20428466796875,1,1
CC[n+]1ccn(C)c1|O=S(=O)([N-]S(=O)(=O)C(F)(F)F)C(F)(F)F,266.3999938964844,288.2384033203125,1,18
CCCC[n+]1ccn(C)c1C|F[P-](F)(F)(F)(F)F,311.1000061035156,341.01068115234375,1,1
CCCCCCCC[N+](CCCCCCCC)(CCCCCCCC)CCCCCC|O1c2ccccc2C(=O)O[B-]13Oc2ccccc2C(=O)O3,285.6000061035156,290.43804931640625,1,1
CC[n+]1ccn(C)c1|[I-],352.1000061035156,303.7401123046875,1,3
CCCCCC[n+]1ccn(C)c1|O=S(=O)([N-]S(=O)(=O)C(F)(F)F)C(F)(F)F,271.45001220703125,285.2518310546875,1,9
CCC[S+]1CCCCC1|O=S(=O)([N-]S(=O)(=O)C(F)(F)F)C(F)(F)F,303.1000061035156,311.1349792480469,1,1
Cn1cc[n+](Cc2ccc(C[n+]3ccn(C)c3)cc2)c1|O=S(=O)([N-]S(=O)(=O)C(F)(F)F)C(F)(F)F.O=S(=O)([N-]S(=O)(=O)C(F)(F)F)C(F)(F)F,338.1000061035156,317.6457824707031,1,1
CCCC[n+]1ccn(C)c1C|[Cl-],365.8999938964844,366.5078430175781,1,2
CCCC[N+]1(C)CCCC1|N#C[N-]C#N,228.0,283.9029846191406,1,1
CCC[N+](C)(CCC)CCC|O=S(=O)([N-]S(=O)(=O)C(F)(F)F)C(F)(F)F,319.1000061035156,303.78619384765625,1,1
CCCCCCCC[N+](C)(C)C12CC3CC(CC(C3)C1)C2|O=S(=O)([N-]S(=O)(=O)C(F)(F)F)C(F)(F)F,311.8999938964844,321.1272888183594,1,1
CCCCCCCCCC[N+](C)(C)C12CC3CC(CC(C3)C1)C2|O=S(=O)(F)[N-]S(=O)(=O)F,365.8999938964844,319.6404724121094,1,1
C[N+](C)(C)C12CC3CC(CC(C3)C1)C2|O=S(=O)([N-]S(=O)(=O)C(F)(F)F)C(F)(F)F,370.3500061035156,341.8677673339844,1,1
Cn1cc[n+](CCCC[n+]2ccn(C)c2)c1|Cc1ccc(S(=O)(=O)[O-])cc1.Cc1ccc(S(=O)(=O)[O-])cc1,254.69000244140625,334.3887634277344,1,1
CC[n+]1ccn(C)c1|Cl[Al-](Cl)(Cl)Cl,279.6000061035156,278.3011779785156,1,1
CCCC[N+](C)(C)CCO|[Br-],385.1000061035156,356.989990234375,1,2
CCCC[N+](CCCC)(CCCC)CCCC.C1=C(C=C(C(=C1[N+](=O)[O-])[O-])[N+](=O)[O-])[N+](=O)[O-]|C1=C(C=C(C(=C1[N+](=O)[O-])[O-])[N+](=O)[O-])[N+](=O)[O-],363.8500061035156,315.3290100097656,1,4
CCCC[N+]1=C2CCCCCN2CCC1|[Br-],355.1000061035156,472.8560485839844,1,1
CCCCCCCC[N+](CC)(CC)CC|F[P-](F)(F)(F)(F)F,361.45001220703125,343.8416748046875,1,1
CCCC[n+]1ccccc1|O=S(=O)([N-]S(=O)(=O)C(F)(F)F)C(F)(F)F,299.1000061035156,294.0155334472656,1,3
COCC[n+]1ccn(C)c1|[Cl-],340.1000061035156,333.8020324707031,1,1
CC[n+]1ccn(C)c1|O=S(=O)([N-]S(=O)(=O)C(F)(F)F)C(F)(F)F,256.8999938964844,288.2384033203125,1,18
CCCCCCC[N+](CCCCCCC)(CCCCCCC)CCCCCCC|[Br-],361.1000061035156,346.05523681640625,1,3
COCC[N+]1(C)CCCC1|FC(F)(F)C(F)(F)[P-](F)(F)(F)(C(F)(F)C(F)(F)F)C(F)(F)C(F)(F)F,273.29998779296875,309.8607177734375,1,1
CCCCCC[N+]12CCN(CC1)CC2|O=S(=O)([N-]S(=O)(=O)C(F)(F)F)C(F)(F)F,309.0,296.0283203125,1,1
CCCC[N+](C)(C)CCC|O=S(=O)([N-]S(=O)(=O)C(F)(F)F)C(F)(F)F,293.1000061035156,302.0414123535156,1,1
CC[n+]1ccn(C)c1|O=S(=O)([N-]S(=O)(=O)C(F)(F)F)C(F)(F)F,257.1000061035156,288.2384033203125,1,18
Cn1cc[n+](CCO)c1|CCCCCCCCCCCCCCCCCC(=O)[O-],339.3999938964844,336.74798583984375,1,1
Cn1cc[n+](CCCO)c1|CCCCCCCCCCCCCCCCCC(=O)[O-],338.79998779296875,331.970458984375,1,1
CC[n+]1ccn(C)c1|CCCCCCCCCCCCCC(=O)[O-],318.3999938964844,331.89593505859375,1,1
C[N+](C)(C)CCO|CC(C)(C)C(=O)[O-],369.1000061035156,321.4931640625,1,1
CCCn1cc[n+](C)c1|F[P-](F)(F)(F)(F)F,311.6000061035156,316.99688720703125,1,3
CCCn1cc[n+](C)c1|F[P-](F)(F)(F)(F)F,313.1000061035156,316.99688720703125,1,3
CC[n+]1ccn(C)c1|[Br-],352.1000061035156,366.99224853515625,1,6
CC[N+](CC)(CC)CC|O=S(=O)([N-]S(=O)(=O)C(F)(F)C(F)(F)F)C(F)(F)C(F)(F)F,356.1000061035156,303.9533386230469,1,2
CCCCn1c(C)cc(C)[n+]1-c1ccccc1|CCCCn1c(C)cc(C)[n+]1-c1ccccc1.F[B-](F)(F)F,340.79998779296875,346.7642517089844,1,1
CCCC[n+]1ccccc1|O=S(=O)([N-]S(=O)(=O)C(F)(F)F)C(F)(F)F,299.0,294.0155334472656,1,3
CCCC[n+]1ccn(C)c1|O=S(=O)([O-])C(F)(F)F,288.1000061035156,288.90887451171875,1,5
CCCn1c(C)cc(C)[n+]1-c1ccccc1|CCCn1c(C)cc(C)[n+]1-c1ccccc1.F[B-](F)(F)F,353.1000061035156,352.5543518066406,1,1
CCCCCCCC[n+]1cc(C)cc(C)c1|N#C[S-],235.10000610351562,318.41265869140625,1,1
CCCCCCCCCCCCCC[P+](CCCCCC)(CCCCCC)CCCCCC|c1ccc([B-](c2ccccc2)(c2ccccc2)c2ccccc2)cc1,367.1000061035156,292.45977783203125,1,1
CCCC[n+]1cccc(C)c1C|O=S(=O)([O-])C(F)(F)F,290.1000061035156,317.13299560546875,1,1
CCCC[n+]1ccn(C)c1|O=S(=O)([O-])C(F)(F)F,291.1000061035156,288.90887451171875,1,5
CCCC[n+]1cc(C)cc(C)c1|O=S(=O)([O-])C(F)(F)F,364.1000061035156,309.9098815917969,1,1
CCCC[N+](CCCC)(CCCC)CCCC(=O)OCC|[Br-],363.1000061035156,339.6605529785156,1,1
C[N+]1(CCO)CCCCC1|O=S(=O)([N-]S(=O)(=O)C(F)(F)F)C(F)(F)F,276.29998779296875,304.6846923828125,1,1
C[n+]1ccn(CCC(F)(F)C(F)(F)F)c1|F[P-](F)(F)(F)(F)F,339.0,330.28082275390625,1,1
CCCC[N+](CCCC)(CCCC)CCCC.C1=C(C=C(C(=C1[N+](=O)[O-])[O-])[N+](=O)[O-])[N+](=O)[O-]|C1=C(C=C(C(=C1[N+](=O)[O-])[O-])[N+](=O)[O-])[N+](=O)[O-],362.1000061035156,315.3290100097656,1,4
CCCCCC[n+]1ccn(C)c1|O=S(=O)([N-]S(=O)(=O)C(F)(F)F)C(F)(F)F,262.6000061035156,285.2518310546875,1,9
CCCCCCC[N+](CCCCCCC)(CCCCCCC)CCCCCCC|[Br-],363.1000061035156,346.05523681640625,1,3
CC[n+]1ccn(C)c1|O=S(=O)([N-]S(=O)(=O)C(F)(F)F)C(F)(F)F,256.0,288.2384033203125,1,18
CCCCCCCCCCCC[n+]1ccn(C)c1|F[B-](F)(F)F,299.1000061035156,328.38330078125,1,2
CCCCC[n+]1cccc(C)c1|[Cl-],365.1000061035156,352.1776123046875,1,1
CCCCCCCCCCCCCCCCCCN(C)C(N(C)CCCCCCCCCCCCCCCCCC)=[N+](C)C|c1ccc([B-](c2ccccc2)(c2ccccc2)c2ccccc2)cc1,351.1000061035156,281.6175842285156,1,1
CCCn1cc[n+](Cc2ccccc2)c1|O=S(=O)([O-])C(F)(F)F,318.3999938964844,325.6144104003906,1,1
CCCCCCCCCCCCCCCCCC[n+]1ccn(C)c1|O=S(=O)([N-]S(=O)(=O)C(F)(F)F)C(F)(F)F,327.1000061035156,295.6524658203125,1,2
CCCCCC[n+]1ccn(C)c1|O=S(=O)([N-]S(=O)(=O)C(F)(F)F)C(F)(F)F,272.0,285.2518310546875,1,9
CCCC[N+](CCCC)(CCCC)CCCC.C1=C(C=C(C(=C1[N+](=O)[O-])[O-])[N+](=O)[O-])[N+](=O)[O-]|C1=C(C=C(C(=C1[N+](=O)[O-])[O-])[N+](=O)[O-])[N+](=O)[O-],362.54998779296875,315.32904052734375,1,4
C[N+](C)(C)CCO|N#C[N-]C#N,274.6400146484375,299.9364013671875,1,1
CCCCCCCCCCCCc1cc[n+](C)cc1|[O-]Cl(=O)(=O)=O,365.8999938964844,361.7255859375,1,1
CC[n+]1ccn(C)c1|O=S(=O)([N-]S(=O)(=O)C(F)(F)F)C(F)(F)F,271.3999938964844,288.2384033203125,1,18
CCCCCCCCCCCCCCCCCC[n+]1ccn(C)c1|O=S(=O)([N-]S(=O)(=O)C(F)(F)F)C(F)(F)F,328.1000061035156,295.6524658203125,1,2
CCCCCCCCCCCCCCCCC(CCCCCCCCCCCCCCCC)C1=CC=[N+](C=C1)C|[Cl-],337.1000061035156,358.8509521484375,1,1
CCCCCC[n+]1ccn(C)c1|O=S(=O)([N-]S(=O)(=O)C(F)(F)F)C(F)(F)F,267.1000061035156,285.2518310546875,1,9
CC[n+]1ccn(C)c1|O=S(=O)([N-]S(=O)(=O)C(F)(F)F)C(F)(F)F,263.1000061035156,288.2384033203125,1,18
CC[n+]1ccn(C)c1|O=S(=O)([N-]S(=O)(=O)C(F)(F)F)C(F)(F)F,255.1999969482422,288.2384033203125,1,18
Cn1cc[n+](C)c1|O=S(=O)([N-]S(=O)(=O)C(F)(F)F)C(F)(F)F,299.1000061035156,294.54693603515625,1,2
CCCC[n+]1ccn(C)c1|O=S(=O)([O-])C(F)(F)F,290.1000061035156,288.90887451171875,1,5
CCC[n+]1ccccc1|[Br-],342.79998779296875,370.2101135253906,1,1
CC[n+]1ccn(C)c1|O=S(=O)([O-])C(F)(F)C(F)F,317.6000061035156,288.93536376953125,1,1
CCCCCCCCCCCC[n+]1ccn(C)c1|F[B-](F)(F)F,305.0,328.38330078125,1,2
CC[n+]1ccn(C)c1|[Br-],350.20001220703125,366.99224853515625,1,6
CC[n+]1ccn(C)c1|[I-],350.0,303.7401123046875,1,3
CC[n+]1ccn(C)c1|[Br-],345.0,366.99224853515625,1,6
CC[n+]1ccn(C)c1|O=S(=O)([N-]S(=O)(=O)C(F)(F)F)C(F)(F)F,256.70001220703125,288.2384033203125,1,18
CC[n+]1ccccc1|O=S(=O)([O-])C(F)(F)F,305.1000061035156,303.0628967285156,1,2
CC[n+]1ccn(C)c1|O=S(=O)([N-]S(=O)(=O)C(F)(F)F)C(F)(F)F,270.70001220703125,288.2384033203125,1,18
c(N(CCCCC)CCCCC)1c(N(CCCCC)CCCCC)[c+]1N(CCCCC)CCCCC|[N-](S(=O)(=O)C(F)(F)F)S(=O)(=O)C(F)(F)F,277.1000061035156,285.1641540527344,1,1
CC[n+]1ccn(C)c1|[Br-],338.1000061035156,366.99224853515625,1,6
CCCCCC[n+]1ccn(C)c1|O=S(=O)([N-]S(=O)(=O)C(F)(F)F)C(F)(F)F,271.29998779296875,285.2518310546875,1,9
c(N(C)C)1c(N(C)C)[c+]1N(CCCC)CCCC|[N-](S(=O)(=O)C(F)(F)F)S(=O)(=O)C(F)(F)F,309.1000061035156,305.6744689941406,1,1
CCCCCCCCCCCCCCCCCCn1cc[n+](C)c1|FC(F)(F)C(F)(F)[P-](F)(F)(F)(C(F)(F)C(F)(F)F)C(F)(F)C(F)(F)F,319.1000061035156,301.8777160644531,1,1
c(N(CCCCCCCCCCCCCCCCCC)C)1c(N(CCCCCCCCCCCCCCCCCC)C)[c+]1N(CCCCCCCCCCCCCCCCCC)C|[N-](S(=O)(=O)C(F)(F)F)S(=O)(=O)C(F)(F)F,338.1000061035156,280.1983642578125,1,1
Cn1cn[n+](CCN=[N+]=[N-])c1.O=[N+]([O-])[O-]|Cn1cn[n+](CCN=[N+]=[N-])c1.O=[N+]([O-])[O-],216.10000610351562,295.8707580566406,1,1
C[n+]1cn(CCN=[N+]=[N-])cn1|C[n+]1cn(CCN=[N+]=[N-])cn1.[O-]Cl(=O)(=O)=O,336.1000061035156,257.6557312011719,1,1
Cc1nn(C)n[n+]1C.O=[N+]([O-])[O-]|O=[N+]([O-])[O-],367.1000061035156,322.91583251953125,1,1
CC(C)CCC[n+]1ccn(C)c1|O=S(=O)([N-]S(=O)(=O)C(F)(F)F)C(F)(F)F,276.29998779296875,285.78656005859375,1,1
CC[n+]1ccn(C)c1|O=S(=O)([N-]S(=O)(=O)C(F)(F)F)C(F)(F)F,259.1000061035156,288.2384033203125,1,18
CCCCCCC[n+]1ccn(C)c1|O=S(=O)([N-]S(=O)(=O)C(F)(F)F)C(F)(F)F,272.20001220703125,288.3950500488281,1,2
CCCCCC[n+]1ccn(C)c1|O=S(=O)([N-]S(=O)(=O)C(F)(F)F)C(F)(F)F,261.8999938964844,285.2518005371094,1,9
Cc1n(C)c2ccccc2[n+]1C|O=S(=O)([N-]S(=O)(=O)C(F)(F)F)C(F)(F)F,336.0,321.5860595703125,1,1
CCCCCC[N+](CC)(CC)CC|N#C[C-](C#N)C#N,290.0299987792969,322.5,1,1
CCCC[n+]1ccccc1|O=S(=O)([N-]S(=O)(=O)C(F)(F)F)C(F)(F)F,292.0,294.0155334472656,1,3
CCCCCCCCCC[N+]1(C)CCOCC1|O=S(=O)([O-])C(F)(F)F,349.20001220703125,320.5922546386719,1,1
C=Cc1ccc(C[n+]2ccccc2)cc1|O=S(=O)([N-]S(=O)(=O)C(F)(F)F)C(F)(F)F,323.3999938964844,320.1407775878906,1,1
CCCCCCCCCC[n+]1ccccc1|O=S(=O)([N-]S(=O)(=O)C(F)(F)F)C(F)(F)F,274.0,300.5145263671875,1,1
CCC[S+]1CCCC1|O=S(=O)([N-]S(=O)(=O)C(F)(F)F)C(F)(F)F,297.1000061035156,305.28076171875,1,2
N#CCCC[n+]1ccccc1|F[B-](F)(F)F,333.95001220703125,332.6504821777344,1,1
COCC[N+](C)(C)C|F[B-](F)(F)C(F)(F)C(F)(F)C(F)(F)F,296.1000061035156,302.4052734375,1,1
CCC[N+](C)(CC)CC|F[B-](F)(F)C(F)(F)C(F)(F)C(F)(F)C(F)(F)F,327.1000061035156,309.44488525390625,1,1
CCCC[N+](C)(CC)CC|F[B-](F)(F)C(F)(F)F,270.1000061035156,326.6822204589844,1,1
Cn1cc[n+](C)c1|O=S(=O)([N-]S(=O)(=O)C(F)(F)F)C(F)(F)F,297.0,294.54693603515625,1,2
CCCCCCCCCCCCCCCC[n+]1ccn(C)c1C|[Br-],371.70001220703125,349.3439025878906,1,1
CC[N+](CC)(CC)CCOC|F[B-](F)(F)F,329.1000061035156,327.08013916015625,1,1
CCCC[n+]1ccn(C)c1C|[Cl-],365.8900146484375,366.5078430175781,1,2
CC[N+](C)(C)CCOC|F[B-](F)(F)C(F)(F)C(F)(F)F,240.1999969482422,305.244873046875,1,1
C[N+]1=CN(CC2=CC=CC=C2)C=C1|F[B-](F)(F)F,351.1499938964844,345.3232421875,1,1
C[N+]1(CCCC)CCCC1|[Cl-],471.1499938964844,453.6505432128906,1,1
CCN1C=C[N+](CCCCCCCCCCCC)=C1|[Cl-],423.1499938964844,347.93792724609375,1,1
CC[N+]1(C)CCCCC1|F[B-](F)(F)F,565.1500244140625,387.08209228515625,1,1
CN1C=C[N+](CC)=C1C|F[P-](F)(F)(F)(F)F,352.1499938964844,352.6376953125,1,1
C[N+]1=CN(CC)C=C1|[Br-],364.1499938964844,366.3296813964844,1,1
C[N+]1=CN(CC)C=C1|F[P-](F)(F)(F)(F)F,337.1499938964844,332.3070068359375,1,1
CC1=CC=[N+](CC)C=C1|[Br-],413.1499938964844,382.33868408203125,1,1
CC[N+]1=CC=CC=C1|F[P-](F)(F)(F)(F)F,379.1499938964844,347.90167236328125,1,1
CN1C=C[N+](CCCCCCCCCCCCCCCC)=C1|O=S([N-]S(=O)(C(F)(F)F)=O)(C(F)(F)F)=O,322.1499938964844,297.2320556640625,1,1
C[N+]1(CCC)CCCCC1|C(F)(F)(F)S(=O)(=O)[O-],344.1499938964844,310.7508850097656,1,1
C[N+]1=CN(CCCCCCCCCCCCCC)C=C1|F[P-](F)(F)(F)(F)F,342.1499938964844,341.7778015136719,1,1
C[N+](C)(C)CCO|[O-]P(O)(O)=O,463.1499938964844,345.55279541015625,1,1
C[NH2+]C|[O-][N+]([O-])=O,348.1499938964844,347.3008117675781,1,1
Cc1cc[n+](CC(=O)Nc2ccc(C)c(F)c2)cc1|O=C([O-])C(F)(F)F,331.6000061035156,335.85009765625,2,1
CCCC[n+]1ccn(C)c1|[Cl-],338.1000061035156,340.0653991699219,2,14
Cc1ccc[n+](CC(=O)Nc2ccc(I)cc2F)c1|F[P-](F)(F)(F)(F)F,328.6000061035156,341.7904968261719,2,1
CCCC[n+]1ccccc1C|F[B-](F)(F)F,301.29998779296875,324.7603454589844,2,1
C[N+](C)(C)CCO.O=[N+]([O-])[O-]|O=[N+]([O-])[O-],346.1000061035156,338.58056640625,2,1
COCC[n+]1ccn(C)c1|F[P-](F)(F)(F)(F)F,288.1000061035156,313.39385986328125,2,1
CCCC[N+]1(C)CCCC1|F[P-](F)(F)(F)(F)F,359.70001220703125,370.2123718261719,2,1
CCCC[N+](CCCC)(CCCC)CCCC|N=C(N)NCCC[C@H](N)C(=O)[O-],352.0,300.8553466796875,2,1
CCCC[n+]1ccn(C)c1|[Cl-],341.4800109863281,340.0653991699219,2,14
CCCCCCC[N+](CCCCCC)(CCCCCC)CCCCCCC|[I-],373.1499938964844,362.4820556640625,2,1
CCCCCCCCCCCC[n+]1ccsc1|O=S(=O)([N-]S(=O)(=O)C(F)(F)F)C(F)(F)F,305.1000061035156,302.36767578125,2,1
c(N(CCCC)CCCC)1c(N(CCCC)CCCC)[c+]1N(CCCC)CCCC|[N-](S(=O)(=O)C(F)(F)F)S(=O)(=O)C(F)(F)F,280.1000061035156,295.0250549316406,2,1
CCCCC[N+](CCCCC)(CCCCC)CCCCC|[Cl-],295.1499938964844,360.0575256347656,2,1
c(N(CCCCCCCCCCCCCCCCCC)C)1c(N(CCCCCCCCCCCCCCCCCC)C)[c+]1N(CCCCCCCCCCCCCCCCCC)C|[N-](C#N)C#N,325.1000061035156,294.54913330078125,2,1
CCCCCCCCCCCCCCOC(=O)C[N+](C)(C)C|F[B-](F)(F)F,369.1000061035156,336.76678466796875,2,1
C(C)OC(CN1C=[N+](C=C1)C=C)=O|FC(S(=O)(=O)[N-]S(=O)(=O)C(F)(F)F)(F)F,315.6499938964844,313.5633544921875,2,1
CCCCCCCCCCn1c[n+](C)cn1|O=S(=O)([N-]S(=O)(=O)C(F)(F)F)C(F)(F)F,276.1000061035156,292.77081298828125,2,1
CCCCCCCCCCCCCCCCOC(=O)C[N+](C)(C)C|N#C[N-]C#N,336.1000061035156,325.1422119140625,2,1
CCC[N+](C)(C)CCO|[Br-],372.5899963378906,377.9252014160156,2,2
c(N(CC)CC)1c(N(CC)CC)[c+]1N(CCCC)C|[N-](C#N)C#N,281.1000061035156,311.8994445800781,2,1
CCCC[n+]1ccn(C)c1|F[P-](F)(F)(F)(F)F,277.1499938964844,319.6519470214844,2,9
CCCC[n+]1ccn(C)c1|F[P-](F)(F)(F)(F)F,276.3999938964844,319.6519470214844,2,9
CCC[N+](C)(C)CCO|[Br-],372.6000061035156,377.9252014160156,2,2
CC[n+]1ccn(C)c1|CCOS(=O)(=O)[O-],236.3000030517578,272.31365966796875,2,1
CCCC[n+]1ccn(C)c1|[Cl-],341.94000244140625,340.0653991699219,2,14
CCCC[n+]1ccn(C)c1|[Cl-],344.6000061035156,340.0653991699219,2,14
CCCC[n+]1ccc2ccccc2c1|O=S(=O)([N-]S(=O)(=O)C(F)(F)F)C(F)(F)F,321.0,314.123291015625,2,1
CCCCCCCCCC(=O)OCC[N+](C)(C)COCCCCC|O=C([O-])C(F)(F)F,279.79998779296875,326.4512023925781,2,1
CCCC[n+]1ccn(C)c1|[Cl-],341.95001220703125,340.0653991699219,2,14
CCCC[N+]1(C)CCCC1|N#C[C-](C#N)C#N,264.3999938964844,294.26031494140625,2,3
CCCCCCCC[P+](CCCCCCCC)(CCCCCCCC)CCCCCCCC|O=S(=O)([N-]S(=O)(=O)C(F)(F)F)C(F)(F)F,284.29998779296875,281.1447448730469,2,1
CC[N+]1(C)CCCCC1|O=S(=O)([N-]S(=O)(=O)C(F)(F)F)C(F)(F)F,358.0400085449219,297.2255554199219,2,3
CC[N+]1(C)CCCCC1|O=S(=O)([N-]S(=O)(=O)C(F)(F)F)C(F)(F)F,357.7099914550781,297.2255554199219,2,3
CCCC[N+]1(C)CCCC1|N#C[B-](C#N)(C#N)C#N,290.45001220703125,276.9241943359375,2,4
CCCC[N+]1(C)CCCC1|N#C[B-](C#N)(C#N)C#N,292.79998779296875,276.9241943359375,2,4
CCCC[N+]1(C)CCCC1|O=S(=O)([O-])C(F)(F)F,272.8999938964844,331.1524353027344,2,7
C=CC[n+]1ccn(C)c1|[Cl-],325.1000061035156,340.821533203125,2,3
C[n+]1ccn(CCCc2ccccc2)c1|F[P-](F)(F)(F)(F)F,325.1000061035156,346.83599853515625,2,1
CCCCCCCCCCCC[n+]1c(-c2cscn2)n(C)c2ccccc21.O=[N+]([O-])[O-]|CCCCCCCCCCCC[n+]1c(-c2cscn2)n(C)c2ccccc21.O=[N+]([O-])[O-],337.1000061035156,331.4415283203125,2,1
CCCC[n+]1ccn(C)c1|[Br-],351.1000061035156,338.698974609375,2,5
CCCCCCCCCCCCCCCC[n+]1c(-c2cscn2)n(C)c2ccccc21.O=[N+]([O-])[O-]|CCCCCCCCCCCCCCCC[n+]1c(-c2cscn2)n(C)c2ccccc21.O=[N+]([O-])[O-],333.1000061035156,325.39605712890625,2,1
CCCCCCCCCCCCCCCCCC[n+]1c(-c2cscn2)n(C)c2ccccc21|CCCCCCCCCCCCCCCCCC[n+]1c(-c2cscn2)n(C)c2ccccc21.O=S(=O)([O-])C(F)(F)F,337.1000061035156,318.9029235839844,2,1
CCCCCCCCCC[n+]1c(-c2cscn2)n(C)c2ccccc21|CCCCCCCCCC[n+]1c(-c2cscn2)n(C)c2ccccc21.O=S(=O)([O-])C(F)(F)F,335.1000061035156,327.3962097167969,2,1
CCCC[n+]1ccn(C)c1|F[P-](F)(F)(F)(F)F,285.29998779296875,319.6519470214844,2,9
CCCCCC[n+]1ccn(C)c1|c1nc[n-]n1,307.0,308.61480712890625,2,1
CC[P+](CC)(CC)COCCOC|c1c[n-]nn1,302.0,310.45281982421875,2,1
Cn1cc[n+](CC(Br)CN=[N+]=[N-])c1|Cn1cc[n+](CC(Br)CN=[N+]=[N-])c1.N#C[N-]C#N,279.0,278.18621826171875,2,1
CCCC[n+]1ccn(C)c1|F[P-](F)(F)(F)(F)F,285.79998779296875,319.6519470214844,2,9
CCCC[n+]1ccn(C)c1|F[P-](F)(F)(F)(F)F,284.29998779296875,319.6519470214844,2,9
CCC=C[P+](CC)(CC)CC.O=[N+]([O-])c1cn[n-]c1|O=[N+]([O-])c1cn[n-]c1,312.0,297.76007080078125,2,1
CCCC[S+]1CCCCC1|O=S(=O)([N-]S(=O)(=O)C(F)(F)F)C(F)(F)F,263.0,297.0105895996094,2,2
CCCC[P+](CC)(CC)CC.Cc1ncc([N+](=O)[O-])[n-]1|Cc1ncc([N+](=O)[O-])[n-]1,290.0,317.0691833496094,2,1
CCCC[n+]1ccn(C)c1|F[P-](F)(F)(F)(F)F,284.1000061035156,319.6519470214844,2,9
CCCC[n+]1ccn(C)c1|F[P-](F)(F)(F)(F)F,281.0,319.6519470214844,2,9
[Fe+3]|CCCCCC[c-]1c(C)c(C)c(C)c1C.Cc1[cH-]c(C)c(C)c1C.N#C[C](C#N)[C-](C#N)C#N,354.04998779296875,340.9259338378906,2,1
CCCC[P+](CCCC)(CCCC)CCCC|CC(C)[C@H](N)C(=O)[O-],298.9200134277344,312.6105041503906,2,1
CCCC[n+]1ccn(C)c1|[Cl-],340.1000061035156,340.0653991699219,2,14
Cn1cc[n+](CCOCC[n+]2ccn(C)c2)c1|F[P-](F)(F)(F)(F)F.F[P-](F)(F)(F)(F)F,371.1000061035156,321.6957702636719,2,1
C=CC[N+](C)(C)CC|N#C[N-]C#N,240.1999969482422,287.9855041503906,2,1
CCCC[n+]1ccn(C)c1|[Cl-],314.1000061035156,340.0653991699219,2,14
CCCC[n+]1ccn(C)c1|[Br-],346.1000061035156,338.698974609375,2,5
C[N+](C)(C)CCO|Cc1cccc(Nc2ccccc2C(=O)[O-])c1C,348.0,334.5303039550781,2,1
CCCCCCCC[N+](CCCCCCCC)(CCCCCCCC)CCCCCCCCCC|O1c2ccccc2C(=O)O[B-]13Oc2ccccc2C(=O)O3,285.6000061035156,311.3694763183594,2,1
CCCCCCCCCC[n+]1ccn(C)c1|O=S(=O)([N-]S(=O)(=O)C(F)(F)F)C(F)(F)F,276.20001220703125,295.18951416015625,2,2
CCCC[n+]1ccn(C)c1|[Cl-],339.1000061035156,340.0653991699219,2,14
CCCC[n+]1ccn(C)c1|F[P-](F)(F)(F)(F)F,283.1000061035156,319.6519470214844,2,9
CCCC[n+]1ccn(C)c1|[Cl-],342.79998779296875,340.0653991699219,2,14
CC[n+]1ccn(C)c1|CS(=O)(=O)[O-],313.010009765625,281.8872375488281,2,2
CCCC[S+]1CCCCC1|O=S(=O)([N-]S(=O)(=O)C(F)(F)F)C(F)(F)F,263.1000061035156,297.0105895996094,2,2
CCCC[N+]1(C)CCCC1|O=S(=O)([O-])C(F)(F)F,264.0,331.1524353027344,2,7
CCCC[n+]1ccn(C)c1|CS(=O)(=O)[O-],349.1300048828125,283.61212158203125,2,3
CCCCCCC[n+]1csc2ccccc21|F[P-](F)(F)(F)(F)F,359.29998779296875,336.48138427734375,2,1
Cn1cc[n+](CCCC[n+]2ccn(C)c2)c1|CS(=O)(=O)[O-].CS(=O)(=O)[O-],226.36000061035156,283.3185729980469,2,1
CCCC[N+]1(C)CCCC1|O=S1(=O)[N-]S(=O)(=O)C(F)(F)C(F)(F)C1(F)F,292.0,301.1382751464844,2,1
CCCC[N+](C)(C)C12CC3CC(CC(C3)C1)C2|O=S(=O)([N-]S(=O)(=O)C(F)(F)F)C(F)(F)F,326.79998779296875,319.3062744140625,2,1
CCCCCCCCCCCCCCn1cc[n+](C)c1|[Br-],328.1000061035156,339.0196838378906,2,1
C[N+](C)(C)C12CC3CC(CC(C3)C1)C2|O=S(=O)(F)[N-]S(=O)(=O)F,351.45001220703125,338.9388732910156,2,1
CCCCCCCC[N+](C)(C)C12CC3CC(CC(C3)C1)C2|O=S(=O)(F)[N-]S(=O)(=O)F,349.3999938964844,334.54644775390625,2,1
CCCCCC[N+](C)(C)C|O=S(=O)([N-]S(=O)(=O)C(F)(F)F)C(F)(F)F,301.8999938964844,299.6955871582031,2,2
CCCC[n+]1ccn(C)c1|[Cl-],342.95001220703125,340.0653991699219,2,14
CCCC[N+]1(C)CCCC1|N#C[B-](C#N)(C#N)C#N,292.8500061035156,276.9241943359375,2,4
CCCn1cc[n+](C)c1|[Cl-],335.1000061035156,347.4620056152344,2,2
CCCC[N+]1(C)CCCC1|O=S(=O)([O-])C(F)(F)F,277.7799987792969,331.1524353027344,2,7
CCCC[n+]1ccn(C)c1|[Br-],352.1000061035156,338.698974609375,2,5
CCCC[N+]1(C)CCCC1|N#C[B-](C#N)(C#N)C#N,292.7699890136719,276.9241943359375,2,4
CCCCC[N+](C)(C)CC|O=S(=O)([N-]S(=O)(=O)C(F)(F)F)C(F)(F)F,265.1000061035156,299.5970153808594,2,2
CCCC[N+]1(C)CCCC1|N#C[C-](C#N)C#N,266.5199890136719,294.26031494140625,2,3
CCC[N+](C)(CC)CCC|O=S(=O)([N-]S(=O)(=O)C(F)(F)F)C(F)(F)F,288.1000061035156,299.4759521484375,2,1
CCCCCC[N+](C)(C)C|O=S(=O)([N-]S(=O)(=O)C(F)(F)F)C(F)(F)F,305.20001220703125,299.6955871582031,2,2
CC[n+]1ccn(C)c1|N#Cc1ccc[n-]1,212.3000030517578,306.7060852050781,2,1
CCCC[N+]1=C2CCCCCN2CCC1|N#C[S-],323.1000061035156,319.994873046875,2,1
CCCCCCCCCCCCCC[N+]1=C2CCCCCN2CCC1|N#C[S-],321.1000061035156,332.5600280761719,2,1
CCC[n+]1ccccc1|O=S(=O)([N-]S(=O)(=O)C(F)(F)F)C(F)(F)F,317.6000061035156,295.92718505859375,2,1
CCCCCC[N+](CC)(CC)CC|F[B-](F)(F)F,361.3500061035156,337.94708251953125,2,1
CC[n+]1ccn(C)c1|CS(=O)(=O)[O-],307.79998779296875,281.8872375488281,2,2
CCCn1cc[n+](CCCC[n+]2ccn(CCC)c2)c1|[Br-].[Br-],351.8999938964844,329.44830322265625,2,1
CCCCC[N+](C)(C)CC|O=S(=O)([N-]S(=O)(=O)C(F)(F)F)C(F)(F)F,266.70001220703125,299.5970153808594,2,2
Cn1cc[n+](CCCO)c1|CCCCCCCCCCCCCCCC(=O)[O-],331.3999938964844,317.4116516113281,2,1
Cn1cc[n+](CCO)c1|CCCCCCCCCCCCCCCC(=O)[O-],335.6000061035156,323.0593566894531,2,1
FC(F)(F)C(F)(F)C(F)(F)C(F)(F)C(F)(F)C(F)(F)C(F)(F)C(F)(F)CCSCCCn1cc[n+](CCCSCCC(F)(F)C(F)(F)C(F)(F)C(F)(F)C(F)(F)C(F)(F)C(F)(F)C(F)(F)F)c1|O=S(=O)([N-]S(=O)(=O)C(F)(F)F)C(F)(F)F,353.0,306.9495849609375,2,1
CCCC[n+]1ccn(C)c1|[Cl-],341.8999938964844,340.0653991699219,2,14
C=CC[n+]1ccn(C)c1|[Cl-],307.5,340.821533203125,2,3
CCCC[N+](C)(CCCC)CCCC|O=S(=O)([O-])O,369.6000061035156,344.6497497558594,2,1
CCCC[N+]1(C)CCCC1|N#C[C-](C#N)C#N,266.70001220703125,294.26031494140625,2,3
CCCC[n+]1ccn(C)c1|F[P-](F)(F)(F)(F)F,282.20001220703125,319.6519470214844,2,9
CC[n+]1ccn(C)c1C|O=S(=O)([N-]S(=O)(=O)C(F)(F)C(F)(F)F)C(F)(F)C(F)(F)F,298.1000061035156,326.5334777832031,2,1
CCCn1cc[n+](C)c1|[Cl-],333.1000061035156,347.4620056152344,2,2
CCCC[N+](CCCC)(CCCC)CCCC|O=S(=O)([C-](S(=O)(=O)C(F)(F)F)S(=O)(=O)C(F)(F)F)C(F)(F)F,332.1000061035156,302.41558837890625,2,2
CCCC[n+]1cc(C)cc(C)c1|N#C[S-],286.1000061035156,296.15216064453125,2,1
CC[N+]1(C)CCCCC1|O=S(=O)([N-]S(=O)(=O)C(F)(F)F)C(F)(F)F,355.8999938964844,297.2255554199219,2,3
CCCC[n+]1ccn(C)c1|[Cl-],338.0,340.0653991699219,2,14
CCCn1c(C)cc(C)[n+]1-c1ccccc1|CCCn1c(C)cc(C)[n+]1-c1ccccc1.CS(=O)(=O)[O-],365.6000061035156,335.980224609375,2,1
CCCCCCCCCC[N+](CC)(CC)CCCCCCCCCC|[Br-],318.1000061035156,358.6242980957031,2,1
CCCC[n+]1ccn(C)c1|[Br-],350.79998779296875,338.698974609375,2,5
CCCCCC[n+]1ccc2ccccc2c1|O=S(=O)([N-]S(=O)(=O)C(F)(F)F)C(F)(F)F,328.29998779296875,314.9389343261719,2,1
CCCCCCCC[n+]1ccn(C)c1|O=S(=O)([O-])C(F)(F)F,278.1000061035156,301.6830139160156,2,1
CCCCCCCC[n+]1cc(CC)ccc1C|[I-],360.1000061035156,345.50341796875,2,1
CCCCCCCC[n+]1cc(C)cc(C)c1|F[B-](F)(F)F,329.1000061035156,317.8683166503906,2,1
CCCCCCCCCCCCCC[n+]1cccc(C)c1|[Cl-],367.70001220703125,350.2918701171875,2,2
CCCCCCCCCC[n+]1cccc(C)c1|[Cl-],348.70001220703125,347.7803955078125,2,4
CCCC[n+]1ccn(C)c1|O=S(=O)([O-])NC1CCCCC1,345.54998779296875,276.9183044433594,2,1
CCCCCCCCCCCCCC[n+]1cccc(C)c1|[Cl-],366.79998779296875,350.2918701171875,2,2
C[n+]1ccn(CCC(F)(F)C(F)(F)C(F)(F)C(F)(F)C(F)(F)C(F)(F)C(F)(F)C(F)(F)F)c1|O=S(=O)([N-]S(=O)(=O)C(F)(F)F)C(F)(F)F,304.1000061035156,312.7259826660156,2,1
CCCCCCCCCC[n+]1cccc(C)c1|[Cl-],352.5,347.7803955078125,2,4
CCCCCCCCCCCCOC[n+]1ccccc1|O=S(=O)([O-])NC1CCCCC1,305.6499938964844,306.8647155761719,2,1
CCCCCCCCCOC[n+]1ccccc1|O=S(=O)([O-])NC1CCCCC1,281.75,299.7347106933594,2,1
CCCCCCCCCC[n+]1ccn(C)c1|O=S(=O)([N-]S(=O)(=O)C(F)(F)F)C(F)(F)F,279.1000061035156,295.18951416015625,2,2
CCCCCCCCCCCOC[n+]1ccccc1|O=S(=O)([O-])NC1CCCCC1,297.3500061035156,305.360107421875,2,1
CCCC[n+]1ccn(C)c1|[Cl-],333.3999938964844,340.0653991699219,2,14
C=CC[n+]1ccn(C)c1|[Cl-],328.1000061035156,340.821533203125,2,3
CCCCCCCCCC[n+]1cccc(C)c1|[Cl-],328.1000061035156,347.7803955078125,2,4
CCCCCCCCCC[n+]1cccc(C)c1|[Cl-],337.1000061035156,347.7803955078125,2,4
c1ccc(Cn2cc[n+](Cc3ccccc3)c2)cc1|O=S(=O)([O-])C(F)(F)F,346.1000061035156,348.3490905761719,2,1
CCCCCCCCCCCCCCCCCCN(C)C(N(C)CCCCCCCCCCCCCCCCCC)=[N+](C)C|N#C[N-]C#N,351.1000061035156,318.5595397949219,2,1
CCCC[n+]1ccn(C)c1|CS(=O)(=O)[O-],337.1000061035156,283.61212158203125,2,3
CCCCCCCCCCCCCCCC[n+]1ccccc1|[OH-],342.6000061035156,354.1445617675781,2,1
CCCC[N+]1(C)CCCC1|O=S(=O)([O-])C(F)(F)F,276.70001220703125,331.1524353027344,2,7
CCCC[N+]1(C)CCCC1|O=S(=O)([O-])C(F)(F)F,279.1000061035156,331.1524353027344,2,7
CCCC[N+](CCCC)(CCCC)CCCC|O=S(=O)([C-](S(=O)(=O)C(F)(F)F)S(=O)(=O)C(F)(F)F)C(F)(F)F,369.1000061035156,302.41558837890625,2,2
CCCCCC[N+](CCCC)(CCCC)CCCC|O=S(=O)([N-]S(=O)(=O)C(F)(F)F)C(F)(F)F,299.1000061035156,298.3792724609375,2,1
C[N+](C)(C)CCO|O=S(=O)([N-]S(=O)(=O)C(F)(F)C(F)(F)C(F)(F)C(F)(F)F)C(F)(F)C(F)(F)C(F)(F)C(F)(F)F,303.0,347.5388488769531,2,1
CC[n+]1cccc(C)c1|O=C([O-])C(F)(F)C(F)(F)C(F)(F)C(F)(F)F,275.0,320.26177978515625,2,1
CCCCCCCC[N+](C)(CCCCCCCC)CCCCCCCC|O=C([O-])C(F)(F)F,285.6199951171875,335.82415771484375,2,1
CCCC[N+]1(C)CCCC1|O=S(=O)([O-])C(F)(F)F,278.6000061035156,331.1524353027344,2,7
CCCC[N+]1(C)CCCC1|O=S(=O)([O-])C(F)(F)F,277.55999755859375,331.1524353027344,2,7
CCCCCCCCn1cc[n+](C)c1|[Br-],275.1000061035156,331.599365234375,2,1
c(N(CC)C)1c(N(CC)C)[c+]1N(CC)C|[N-](S(=O)(=O)C(F)(F)F)S(=O)(=O)C(F)(F)F,280.1000061035156,305.5794982910156,2,1
c(N(C)C)1c(N(C)C)[c+]1N(CCC)C|[N-](S(=O)(=O)C(F)(F)F)S(=O)(=O)C(F)(F)F,293.1000061035156,306.9153747558594,2,1
CCCC[n+]1ccn(C)c1|CCCCCCCCOS(=O)(=O)[O-],307.6000061035156,285.3822326660156,2,1
CCCC[n+]1ccn(C)c1|[Br-],349.20001220703125,338.698974609375,2,5
CC(C)CCCC[n+]1ccn(C)c1|O=S(=O)([N-]S(=O)(=O)C(F)(F)F)C(F)(F)F,284.29998779296875,288.9184875488281,2,1
Cn1cn[n+](C)c1.O=[N+]([O-])[O-]|O=[N+]([O-])[O-],274.1000061035156,325.3340759277344,2,1
C[n+]1cn(CCN=[N+]=[N-])cn1.O=[N+]([O-])[O-]|C[n+]1cn(CCN=[N+]=[N-])cn1.O=[N+]([O-])[O-],217.10000610351562,310.1748352050781,2,1
CC(C)C[n+]1ccn(C)c1|O=S(=O)([N-]S(=O)(=O)C(F)(F)F)C(F)(F)F,256.8999938964844,286.437744140625,2,1
CCC[N+]1(C)CCCC1|O=S(=O)(F)[N-]S(=O)(=O)F,269.0,276.3836975097656,2,1
C=Cc1ccc(C[N+]2(C)CCOCC2)cc1|O=S(=O)([N-]S(=O)(=O)C(F)(F)F)C(F)(F)F,349.3999938964844,318.55023193359375,2,1
CCCC[n+]1ccn(C)c1|CS(=O)(=O)[O-],345.3999938964844,283.61212158203125,2,3
C[N+]1(CCO)CCCC1|O=S(=O)([N-]S(=O)(=O)C(F)(F)F)C(F)(F)F,265.42999267578125,293.3885192871094,2,1
Cc1n(CCCC#N)cc[n+]1C|F[P-](F)(F)(F)(F)F,363.6499938964844,328.4482421875,2,1
CCCC[n+]1ccn(C)c1|[Cl-],340.0,340.0653991699219,2,14
CC[S+]1CCCC1|O=S(=O)([N-]S(=O)(=O)C(F)(F)F)C(F)(F)F,342.1000061035156,303.17730712890625,2,2
CC[S+]1CCCC1|O=S(=O)([N-]S(=O)(=O)C(F)(F)F)C(F)(F)F,339.3500061035156,303.17730712890625,2,2
CC[N+](C)(C)CCOC|F[B-](F)(F)C(F)(F)C(F)(F)C(F)(F)C(F)(F)F,245.1999969482422,311.3471374511719,2,1
CCCC[N+](C)(CC)CC|F[B-](F)(F)C(F)(F)C(F)(F)F,288.1000061035156,308.53656005859375,2,1
CC[N+](CC)(CC)CCOC|F[B-](F)(F)C(F)(F)F,283.1000061035156,306.7791442871094,2,1
CC[N+](C)(CC)CCOC|F[B-](F)(F)F,281.1000061035156,317.1499328613281,2,1
COCC[N+](C)(C)C|F[B-](F)(F)C(F)(F)C(F)(F)C(F)(F)C(F)(F)F,323.1000061035156,312.24493408203125,2,1
COCC[N+](C)(C)C|O=S(=O)([N-]S(=O)(=O)C(F)(F)F)C(F)(F)F,310.1000061035156,296.68951416015625,2,1
CCC[N+](C)(CC)CC|O=S(=O)([N-]S(=O)(=O)C(F)(F)F)C(F)(F)F,287.1000061035156,299.4983215332031,2,1
C[N+]1=CN(CC)C=C1|F[B-](F)(F)F,288.1499938964844,291.38818359375,2,1
C[N+]1(CCCC)CCCC1|[Br-],489.1499938964844,429.0027770996094,2,1
CC1=CC=C[N+](CCCC)=C1|[Br-],352.1499938964844,367.08612060546875,2,1
CCN1C=C[N+](CCCCCCCCCCCC)=C1|[Br-],385.1499938964844,337.5812683105469,2,1
CC[N+]1(C)CCCCC1|C(F)(F)(F)S(=O)(=O)[O-],380.1499938964844,345.9138488769531,2,1
CN1C=C[N+](CC)=C1C|F[B-](F)(F)F,377.1499938964844,324.8033447265625,2,1
C[N+]1=CN(CC)C=C1|O=S([N-]S(=O)(C(F)(F)F)=O)(C(F)(F)F)=O,270.1499938964844,281.8754577636719,2,1
C[N+]1=CN(CC)C=C1|[S-]C#N,267.1499938964844,266.794189453125,2,1
CC[N+]1=CC=CC=C1|F[B-](F)(F)F,319.1499938964844,317.9102478027344,2,1
CN1C=C[N+](CCCCCCCCCCCCCCCC)=C1|F[P-](F)(F)(F)(F)F,398.1499938964844,323.0909423828125,2,1
C[N+]1(CCC)CCCC1|[Br-],483.1499938964844,436.80999755859375,2,1
C[N+]1=CN(CCCCCCCCCCCCCC)C=C1|F[B-](F)(F)F,310.1499938964844,316.7091979980469,2,1
C[N+]1=CN([H])C=C1|[O-][N+]([O-])=O,339.1499938964844,301.87908935546875,2,1
CCC[N+]1=CC=C(C)C=C1|[Br-],328.1499938964844,375.45172119140625,2,1
[NH3+]C|[O-][N+]([O-])=O,374.1499938964844,326.8135986328125,2,1
CCCC[N+](CCCC)(CCCC)CCCC|[Cl-],344.0,357.7528991699219,3,10
Cc1cc[n+](CC(=O)Nc2ccc(C)c(F)c2)cc1|F[P-](F)(F)(F)(F)F,339.6000061035156,353.2412414550781,3,1
Cc1ccc[n+](CC(=O)Nc2ccc(C)c(F)c2)c1|O=C([O-])C(F)(F)F,336.6000061035156,344.5690002441406,3,1
CCC[N+]1(C)CCCC1|N#C[N-]C#N,256.1000061035156,273.6740417480469,3,1
CC[n+]1ccn(C)c1|O=S(=O)([N-]S(=O)(=O)C(F)(F)C(F)(F)F)C(F)(F)C(F)(F)F,271.8999938964844,295.77947998046875,3,3
C(C)N1C=[N+](C=C1)C=C|FC(S(=O)(=O)[N-]S(=O)(=O)C(F)(F)F)(F)F,291.1000061035156,277.4828186035156,3,1
CCCC[N+]1(C)CCCC1|O=S(=O)([N-]S(=O)(=O)C(F)(F)C(F)(F)F)C(F)(F)C(F)(F)F,282.1000061035156,297.08319091796875,3,2
C[N+](C)(C)CCO|CCCCCC(=O)[O-],348.79998779296875,318.8754577636719,3,1
Cn1cc[n+](C)c1|CC(=O)[O-],311.1000061035156,312.4147033691406,3,1
CC[n+]1ccn(C)c1|CCCCCCCCOS(=O)(=O)[O-],283.0,286.3616943359375,3,1
CCCCCCCCCCCCCCSCC(Cn1cc[n+](C)c1)SCCCCCCCCCCCCCC|[Cl-],328.3999938964844,353.0029296875,3,1
CCCCCCC[N+](CCCCCC)(CCCCCC)CCCCCC.O=[N+]([O-])[O-]|O=[N+]([O-])[O-],345.1499938964844,348.1751708984375,3,1
CCCCCC[N+](CCCCCC)(CCCCCC)CCCCCC|F[B-](F)(F)F,367.1499938964844,342.09832763671875,3,2
CCCC[N+](CCCC)(CCCC)CCCC|[Cl-],314.1000061035156,357.7528991699219,3,10
CC[n+]1ccn(C)c1|[Cl-],357.0,345.57293701171875,3,12
CCCCC[N+](CCCCC)(CCCCC)CCCCC|N#C[S-],322.6499938964844,318.9225769042969,3,1
c(N(CCCC)CCCC)1c(N(CCCC)CCCC)[c+]1N(CCCC)CCCC|[N-](C#N)C#N,290.1000061035156,313.9765625,3,1
CCCCCCCCCCCCOC(=O)C[N+](C)(C)C|[O-]Cl(=O)(=O)=O,357.1000061035156,365.27911376953125,3,1
CC[n+]1ccn(C)c1|Cc1ccc(S(=O)(=O)[O-])cc1,322.8999938964844,293.8164978027344,3,7
CC[n+]1ccn(C)c1|Cc1ccc(S(=O)(=O)[O-])cc1,322.92999267578125,293.8164978027344,3,7
CCCCCCCCCCCOC[N+](C)(C)CCO|N#C[N-]C#N,283.5,316.1463928222656,3,1
CC[n+]1ccn(C)c1|Cc1ccc(S(=O)(=O)[O-])cc1,326.6000061035156,293.8164978027344,3,7
CC[N+](C)(C)CCO|O=S(=O)([N-]S(=O)(=O)C(F)(F)F)C(F)(F)F,279.1600036621094,295.5341796875,3,2
CCCC[n+]1ccc(C)cc1|O=S(=O)([N-]S(=O)(=O)C(F)(F)F)C(F)(F)F,291.3999938964844,298.8501892089844,3,3
CC[n+]1ccn(C)c1|Cc1ccc(S(=O)(=O)[O-])cc1,322.29998779296875,293.8164978027344,3,7
CCCCCn1cc[n+](C)c1|O=S(=O)([N-]S(=O)(=O)C(F)(F)F)C(F)(F)F,264.1000061035156,276.4834289550781,3,2
CC[n+]1ccn(C)c1|[Cl-],353.1000061035156,345.57293701171875,3,12
CCCCCCCCCC[n+]1ccn(C)c1|F[P-](F)(F)(F)(F)F,305.1000061035156,323.077392578125,3,1
CCCCCCCCCCCCCC[n+]1c(-c2cscn2)n(C)c2ccccc21|CCCCCCCCCCCCCC[n+]1c(-c2cscn2)n(C)c2ccccc21.O=S(=O)([O-])C(F)(F)F,328.1000061035156,314.2432861328125,3,1
CCCCCCCCCC[n+]1c(-c2cscn2)n(C)c2ccccc21|CCCCCCCCCC[n+]1c(-c2cscn2)n(C)c2ccccc21.F[B-](F)(F)F,341.1000061035156,324.1838073730469,3,1
CC[n+]1ccn(C)c1.O=[N+]([O-])[O-]|O=[N+]([O-])[O-],311.79998779296875,338.981689453125,3,4
C(CCC[N+]1(CCOCC1)C)[N+]1(CCOCC1)C|FC(S(=O)(=O)[N-]S(=O)(=O)C(F)(F)F)(F)F.FC(F)(F)S(=O)(=O)[N-]S(=O)(=O)C(F)(F)F,335.3999938964844,307.4091491699219,3,1
CCCCCCCCCCCCCCCCCC[n+]1c(-c2cscn2)n(C)c2ccccc21|CCCCCCCCCCCCCCCCCC[n+]1c(-c2cscn2)n(C)c2ccccc21.F[B-](F)(F)F,331.1000061035156,307.7974853515625,3,1
CC[n+]1ccn(C)c1|[Cl-],350.4200134277344,345.57293701171875,3,12
CCCC[n+]1ccn(C)c1|COS(=O)(=O)[O-],269.1000061035156,285.959716796875,3,1
CCCC[N+](CCCC)(CCCC)CCCC|[Cl-],365.1000061035156,357.7528991699219,3,10
CC[P+](CC)(CC)COCCOC.O=[N+]([O-])c1cn[n-]c1|O=[N+]([O-])c1cn[n-]c1,258.0,303.8189392089844,3,1
C=Cn1cc[n+](CC(C[n+]2ccn(C)c2)N=[N+]=[N-])c1|C=Cn1cc[n+](CC(C[n+]2ccn(C)c2)N=[N+]=[N-])c1.[Br-].[Br-],296.0,290.6983642578125,3,1
CCOC[P+](CC)(CC)CC|c1c[n-]nn1,306.0,312.49871826171875,3,1
CCCCCCCC[P+](CC)(CC)CC|c1c[n-]nn1,339.0,317.0145263671875,3,1
C[N+](C)(C)CCO|O=S(=O)([N-]S(=O)(=O)C(F)(F)F)C(F)(F)F,305.6499938964844,293.5350036621094,3,2
CCCn1cc[n+](C)c1C|O=S(=O)([N-]S(=O)(=O)C(F)(F)F)C(F)(F)F,281.0,294.0440368652344,3,3
CCCCCC[n+]1ccn(C)c1|O=S(=O)([O-])C(F)(F)F,298.0,285.59222412109375,3,1
CC[n+]1ccn(C)c1|[Cl-],354.0,345.57293701171875,3,12
CC[N+]1(C)CCCC1|O=S(=O)([N-]S(=O)(=O)C(F)(F)F)C(F)(F)F,362.0,280.75439453125,3,5
CCC[n+]1ccccc1C|O=S(=O)([N-]S(=O)(=O)C(F)(F)F)C(F)(F)F,289.0,306.16009521484375,3,1
CCCC[n+]1ccc(C)cc1|O=S(=O)([N-]S(=O)(=O)C(F)(F)F)C(F)(F)F,289.0,298.8501892089844,3,3
CCCCCCCCCCn1cc[n+](CCCCCCCCCC)c1|Cl[Fe-](Cl)(Cl)Br,277.79998779296875,319.8818054199219,3,1
CCCCCC[N+](CC)(CC)CC|c1c[n-]nn1,333.0,315.90667724609375,3,1
Cn1cc[n+](CCOCCOCC[n+]2ccn(C)c2)c1|F[P-](F)(F)(F)(F)F.F[P-](F)(F)(F)(F)F,364.0,312.9786682128906,3,1
CCCC[N+](CCCC)(CCCC)CCCC|[Cl-],348.1000061035156,357.7528991699219,3,10
CC[N+]1(C)CCCC1|O=S(=O)([N-]S(=O)(=O)C(F)(F)F)C(F)(F)F,363.1000061035156,280.75439453125,3,5
CCCC[N+](CCCC)(CCCC)CCCC|[Cl-],349.1000061035156,357.7528991699219,3,10
CCCC[N+]1(CC)CCCC1|CCOS(=O)(=O)[O-],326.0,326.24810791015625,3,1
CC[n+]1ccn(C)c1|[Cl-],361.3999938964844,345.57293701171875,3,12
CCCC[N+]1(C)CCCC1|O=S(=O)([N-]S(=O)(=O)C(F)(F)C(F)(F)F)C(F)(F)C(F)(F)F,279.0,297.08319091796875,3,2
CCC[N+]1(C)CCCCC1|O=S(=O)([N-]S(=O)(=O)C(F)(F)F)C(F)(F)F,285.1000061035156,284.8750305175781,3,2
COCC[N+]1(C)CCCC1|O=S(=O)(F)[N-]S(=O)(=O)F,275.0,275.90350341796875,3,1
CCC[N+](C)(C)C|O=S(=O)([N-]S(=O)(=O)C(F)(F)F)C(F)(F)F,292.1000061035156,291.6615295410156,3,1
CC[n+]1ccn(C)c1|[Cl-],361.75,345.57293701171875,3,12
C[N+]1(CCCC#N)CCOCC1|N#C[C-](C#N)C#N,325.5,301.16644287109375,3,1
CCCC[N+](C)(C)C12CC3CC(CC(C3)C1)C2|O=S(=O)(F)[N-]S(=O)(=O)F,338.3999938964844,345.5514831542969,3,1
CCCCCC[N+](C)(C)C12CC3CC(CC(C3)C1)C2|O=S(=O)([N-]S(=O)(=O)C(F)(F)F)C(F)(F)F,303.79998779296875,325.66650390625,3,1
CC[n+]1ccn(C)c1|[Cl-],360.1000061035156,345.57293701171875,3,12
CCCCCCCC/C=C\CCCCCCCC[n+]1ccn(C)c1|O=S(=O)([N-]S(=O)(=O)C(F)(F)F)C(F)(F)F,252.25,304.0225524902344,3,2
CC[N+]1=C2CCCCCN2CCC1|N#C[S-],313.1000061035156,311.3332214355469,3,1
C[n+]1ccn(CC(F)(F)F)c1|O=S(=O)([N-]S(=O)(=O)C(F)(F)F)C(F)(F)F,251.1999969482422,277.32647705078125,3,1
CCCCCCCCCC[n+]1ccn(C)c1|[Br-],303.1000061035156,354.8436584472656,3,3
CC[N+]1(C)CCCC1|O=S(=O)([N-]S(=O)(=O)C(F)(F)F)C(F)(F)F,359.1000061035156,280.75439453125,3,5
C[n+]1ccn(CCCCn2cc[n+](C)c2)c1|O=S(=O)([N-]S(=O)(=O)C(F)(F)F)C(F)(F)F.O=S(=O)([N-]S(=O)(=O)C(F)(F)F)C(F)(F)F,329.29998779296875,291.9809875488281,3,1
CC[N+]1(C)CCCC1|O=S(=O)([N-]S(=O)(=O)C(F)(F)F)C(F)(F)F,361.1000061035156,280.75439453125,3,5
CC[n+]1ccccc1|N#C[N-]C#N,240.0,279.6515197753906,3,2
CCCC[N+](CCCC)(CCCC)CCCC|[Cl-],344.29998779296875,357.7528991699219,3,10
CCCC[N+](CCCC)(CCCC)CCCC|[Cl-],327.1000061035156,357.7528991699219,3,10
FC(F)(F)C(F)(F)C(F)(F)C(F)(F)C(F)(F)C(F)(F)C(F)(F)C(F)(F)CCSCCC[n+]1ccn(CCn2cc[n+](CCCSCCC(F)(F)C(F)(F)C(F)(F)C(F)(F)C(F)(F)C(F)(F)C(F)(F)C(F)(F)F)c2)c1|O=S(=O)([N-]S(=O)(=O)C(F)(F)F)C(F)(F)F.O=S(=O)([N-]S(=O)(=O)C(F)(F)F)C(F)(F)F,338.1000061035156,294.9720153808594,3,1
CCCCCCCC[N+](CCCCCCCC)(CCCCCCCC)CCCCCCCC|CCCCCCCC/C=C\CCCCCCCC(=O)[O-],252.39999389648438,284.86279296875,3,2
CC[n+]1ccn(C)c1|[Cl-],359.8999938964844,345.57293701171875,3,12
Cn1cc[n+](CCCO)c1|CCCCCCCCCCCCCC(=O)[O-],324.1000061035156,310.5981750488281,3,1
Cn1cc[n+](CCO)c1|CCCCCCCCCCCCCC(=O)[O-],325.79998779296875,312.79541015625,3,1
CCCC[N+](CCCC)(CCCC)CCCC|[Cl-],317.1000061035156,357.7528991699219,3,10
Cn1cc[n+](CC(CSCCC(F)(F)C(F)(F)C(F)(F)C(F)(F)C(F)(F)C(F)(F)C(F)(F)C(F)(F)F)SCCC(F)(F)C(F)(F)C(F)(F)C(F)(F)C(F)(F)C(F)(F)C(F)(F)C(F)(F)F)c1|O=S(=O)([N-]S(=O)(=O)C(F)(F)F)C(F)(F)F,320.1000061035156,309.3819274902344,3,1
CC[N+](C)(C)CCO|O=S(=O)([N-]S(=O)(=O)C(F)(F)F)C(F)(F)F,279.20001220703125,295.5341796875,3,2
CCCCCCCC/C=C\CCCCCCCC[n+]1ccn(C)c1|O=S(=O)([N-]S(=O)(=O)C(F)(F)F)C(F)(F)F,252.3000030517578,304.0225524902344,3,2
CC[n+]1ccn(C)c1|[Cl-],362.1000061035156,345.57293701171875,3,12
CCCC[N+](C)(CCCC)CCCC|O=S(=O)([O-])C(F)(F)F,360.3999938964844,321.12847900390625,3,1
CCCc1ccc[n+](C)c1|F[P-](F)(F)(F)(F)F,311.20001220703125,340.77752685546875,3,1
CCCn1cc[n+](C)c1C|O=S(=O)([N-]S(=O)(=O)C(F)(F)F)C(F)(F)F,288.1000061035156,294.0440368652344,3,3
CC[n+]1ccn(C)c1|O=S(=O)([N-]S(=O)(=O)C(F)(F)C(F)(F)F)C(F)(F)C(F)(F)F,272.1000061035156,295.77947998046875,3,3
CCCC[n+]1ccccc1|F[B-](F)(F)F,272.0,328.8036193847656,3,2
CCCC[n+]1ccc(C)cc1|O=S(=O)([O-])C(F)(F)F,311.1000061035156,305.9500427246094,3,1
CCC[N+]1(C)CCCCC1|O=S(=O)([N-]S(=O)(=O)C(F)(F)F)C(F)(F)F,285.70001220703125,284.87506103515625,3,2
COc1ccc(-[n+]2c(C)cc(C)n2C)cc1|COc1ccc(-[n+]2c(C)cc(C)n2C)cc1.F[B-](F)(F)F,348.75,352.55914306640625,3,1
CCCC[n+]1ccc(C)cc1|O=S(=O)([N-]S(=O)(=O)C(F)(F)F)C(F)(F)F,283.1000061035156,298.8501892089844,3,3
CC[n+]1ccccc1|Cc1ccc(S(=O)(=O)[O-])cc1,374.1000061035156,310.37841796875,3,1
CCCCCCCC[n+]1ccn(C)c1|N#C[N-]C#N,268.1000061035156,277.558349609375,3,1
CCCCCCCCCCCC[n+]1cccc(C)c1|[Cl-],359.8999938964844,356.78338623046875,3,2
CCCCCCCC[n+]1cc(CC)ccc1C|N#C[N-]C#N,326.1000061035156,311.4597473144531,3,1
CCCCCCCCCCCCCCCC[n+]1ccccc1|O=S(=O)([O-])NC1CCCCC1,377.6499938964844,305.1148986816406,3,1
CCCCCCCCn1cc[n+](C)c1|O=S(=O)([O-])C(F)(F)C(F)(F)C(F)(F)C(F)(F)F,305.1000061035156,302.4817199707031,3,1
CCCC[n+]1cc(C)cc(C)c1|N#C[N-]C#N,272.1000061035156,295.9701232910156,3,1
CCCCCC[n+]1cccc(C)c1|[Cl-],353.0,355.0203552246094,3,4
CCCCCCCCCCCC[n+]1cccc(C)c1|[Cl-],360.79998779296875,356.78338623046875,3,2
CCCCCC[n+]1cccc(C)c1|[Cl-],355.1000061035156,355.0203552246094,3,4
CCCCCCCC[n+]1cc(C)cc(C)c1C|N#C[S-],293.1000061035156,317.2008056640625,3,1
CCCCCCCCCC[N+](C)(C)CCCCCCCCCC|O=S(=O)([O-])NC1CCCCC1,323.54998779296875,308.89215087890625,3,1
CCCC[P+](C)(CCCC)CCCC|COS(=O)(=O)[O-],311.1000061035156,335.4067077636719,3,1
CCCCCCCC[N+](CCCCCCCC)(CCCCCCCC)CCCCCCCC|CCCCCCCC/C=C\CCCCCCCC(=O)[O-],243.60000610351562,284.86279296875,3,2
CCCCCC[n+]1cccc(C)c1|[Cl-],335.1000061035156,355.0203552246094,3,4
CCCCCCCC/C=C\CCCCCCCCn1cc[n+](C)c1|F[B-](F)(F)F,288.1000061035156,334.98150634765625,3,1
CCCCCC[N+](CCCCCC)(CCCCCC)CCCCCC|F[B-](F)(F)F,364.1000061035156,342.09832763671875,3,2
CC(C)C[N+]1(C)CCCCC1|O=S(=O)([N-]S(=O)(=O)C(F)(F)F)C(F)(F)F,287.8999938964844,288.0533142089844,3,1
CCCCCC[n+]1cccc(C)c1|[Cl-],350.1000061035156,355.0203552246094,3,4
CC[n+]1ccn(C)c1.O=[N+]([O-])[O-]|O=[N+]([O-])[O-],311.1000061035156,338.981689453125,3,4
CCCC[P+](CCCC)(CCCC)CCCC|CC(=O)[O-],321.8999938964844,337.4307861328125,3,1
CCCCCCCC[N+](C)(CCCCCCCC)CCCCCCCC|Cc1ccc(S(=O)(=O)[O-])cc1,347.1000061035156,313.8346862792969,3,1
CCCC[N+](CCCC)(CCCC)CCCC|Cc1ccc(S(=O)(=O)[O-])cc1,345.1000061035156,319.1957702636719,3,1
CCCC[N+](CCCC)=C(N(C)C)N(C)C|N#C[N-]C#N,371.1000061035156,307.58526611328125,3,1
CC[n+]1ccn(C)c1|Cc1ccc(S(=O)(=O)[O-])cc1,328.20001220703125,293.8164978027344,3,7
Cn1cc[n+](Cc2ccccc2)c1|[Cl-],343.1000061035156,366.0141906738281,3,1
CCCCCCCCCCCC[N+](CCCCCCCCCCCC)=C(N(C)C)N(C)C|N#C[N-]C#N,326.1000061035156,313.7218322753906,3,1
CC[n+]1ccn(C)c1|[Cl-],360.79998779296875,345.57293701171875,3,12
CCCCCCCCCCCCCCCC[N+]1(C)CCCCC1|[OH-],338.1000061035156,386.5964660644531,3,1
CC[n+]1ccn(C)c1.O=[N+]([O-])[O-]|O=[N+]([O-])[O-],316.3999938964844,338.981689453125,3,4
CC[n+]1ccn(C)c1|N#C[S-],266.0,268.4881286621094,3,1
CC[n+]1ccn(C)c1.O=[N+]([O-])[O-]|O=[N+]([O-])[O-],314.8999938964844,338.981689453125,3,4
CC[N+]1(C)CCCC1|F[B-](F)(F)F,339.0,393.0134582519531,3,1
COCCOCC[n+]1ccn(C)c1|F[P-](F)(F)(F)(F)F,316.1000061035156,309.0126953125,3,1
CCCC[N+]1(C)CCCC1|O=S(=O)([O-])C(F)(F)C(F)F,318.6000061035156,305.662353515625,3,1
C[n+]1ccn(Cc2ccc3ccccc3c2)c1|O=S(=O)([N-]S(=O)(=O)C(F)(F)F)C(F)(F)F,318.6000061035156,333.8740539550781,3,1
CCCCCCCCCCCCCCCCn1cc[n+](C)c1|O=S(=O)([N-]S(=O)(=O)C(F)(F)F)C(F)(F)F,320.1000061035156,303.96856689453125,3,1
CCCC[N+](CCCC)(CCCC)CCCC|[Cl-],359.1000061035156,357.7528991699219,3,10
CCCC[n+]1ccn(C)c1|CCCCCCCCCCCCOS(=O)(=O)[O-],274.95001220703125,297.0270080566406,3,1
CC[n+]1ccn(C)c1|Cc1ccc(S(=O)(=O)[O-])cc1,327.3999938964844,293.8164978027344,3,7
C[N+](C)(C)CCO|O=S(=O)([N-]S(=O)(=O)C(F)(F)F)C(F)(F)F,306.1000061035156,293.5350036621094,3,2
CC[n+]1ccn(C)c1|[Cl-],360.0,345.57293701171875,3,12
CCCn1cc[n+](C)c1C|O=S(=O)([N-]S(=O)(=O)C(F)(F)F)C(F)(F)F,284.3999938964844,294.0440368652344,3,3
C[N+](C)(C)CCO|O=C([O-])c1cccnc1,329.1199951171875,319.9566345214844,3,1
CCCCCCCCCC[n+]1ccn(C)c1|[Br-],283.1000061035156,354.8436584472656,3,3
CC[n+]1ccn(C)c1|Cc1ccc(S(=O)(=O)[O-])cc1,328.0,293.8164978027344,3,7
CCCCCCCCCn1cc[n+](C)c1|[Br-],274.1000061035156,353.9474182128906,3,1
c(N(CCCCCCCCCC)CCCCCCCCCC)1c(N(CCCCCCCCCC)CCCCCCCCCC)[c+]1N(CCCCCCCCCC)CCCCCCCCCC|[N-](S(=O)(=O)C(F)(F)F)S(=O)(=O)C(F)(F)F,281.1000061035156,301.7530517578125,3,1
CCCCCCCCCCCC[n+]1ccn(C)c1|[Br-],306.5,356.24676513671875,3,1
c(N(C)C)1c(N(C)C)[c+]1N(CCC)CCC|[N-](S(=O)(=O)C(F)(F)F)S(=O)(=O)C(F)(F)F,325.1000061035156,308.62078857421875,3,1
CC[n+]1ccn(C)c1|O=S(=O)([N-]S(=O)(=O)C(F)(F)C(F)(F)F)C(F)(F)C(F)(F)F,289.1000061035156,295.77947998046875,3,3
c(N(C)C)1c(N(C)C)[c+]1N(CCCCCC)C|[N-](S(=O)(=O)C(F)(F)F)S(=O)(=O)C(F)(F)F,259.1000061035156,309.44696044921875,3,1
c(N(CC)CC)1c(N(CC)CC)[c+]1N(CCCC)CCCC|[N-](S(=O)(=O)C(F)(F)F)S(=O)(=O)C(F)(F)F,269.1000061035156,311.1248779296875,3,1
CCCCCCCCCC[n+]1ccn(C)c1|[Br-],283.6000061035156,354.8436584472656,3,3
CC[n+]1ccn(C)c1|[Cl-],358.1000061035156,345.57293701171875,3,12
CCCCCCCCCCCCCCCCCCCCCC[n+]1ccn(C)c1|O=S(=O)([N-]S(=O)(=O)C(F)(F)F)C(F)(F)F,341.1000061035156,305.1473083496094,3,1
C[N+]1(CCCO)CCOCC1|O=S(=O)([N-]S(=O)(=O)C(F)(F)F)C(F)(F)F,287.0,285.69097900390625,3,1
CCCCCCCCCCCCCCCCCCn1cc[n+](C)c1|O=S(=O)([N-]S(=O)(=O)C(F)(F)C(F)(F)C(F)(F)C(F)(F)F)C(F)(F)C(F)(F)C(F)(F)C(F)(F)F,335.1000061035156,308.8592834472656,3,1
Cc1n(C)nn[n+]1N|[O-]Cl(=O)(=O)=O,324.1000061035156,384.0420227050781,3,1
[N-]=[N+]=NCC[n+]1cn(N)cn1|[N-]=[N+]=NCC[n+]1cn(N)cn1.[O-]Cl(=O)(=O)=O,227.10000610351562,260.4539794921875,3,1
CC[n+]1c([N+](=O)[O-])cn(C)c1C.O=[N+]([O-])[O-]|CC[n+]1c([N+](=O)[O-])cn(C)c1C.O=[N+]([O-])[O-],338.1000061035156,373.94134521484375,3,1
O=[N+]([O-])[O-].[N-]=[N+]=NCC[n+]1cn(N)cn1|O=[N+]([O-])[O-].[N-]=[N+]=NCC[n+]1cn(N)cn1,343.1000061035156,270.3617248535156,3,1
CCCC[N+](CCCC)(CCCC)CCCC|[Cl-],350.1000061035156,357.7528991699219,3,10
C=Cc1ccc(C[N+](CCCC)(CCCC)CCCC)cc1|O=S(=O)([N-]S(=O)(=O)C(F)(F)F)C(F)(F)F,337.3999938964844,313.37445068359375,3,1
CCCC[n+]1ccccc1|F[B-](F)(F)F,279.7900085449219,328.8036193847656,3,2
CC[N+]1(C)CCCC1|O=S(=O)([N-]S(=O)(=O)C(F)(F)F)C(F)(F)F,364.0,280.75439453125,3,5
C[N+](C)(C)CCCC#N|O=S(=O)([N-]S(=O)(=O)C(F)(F)F)C(F)(F)F,331.25,289.37677001953125,3,1
CCCC[n+]1cccc(C)c1|[Cl-],363.45001220703125,357.8672180175781,3,1
CCCCCCC[n+]1ccccc1|O=S(=O)([N-]S(=O)(=O)C(F)(F)F)C(F)(F)F,272.0,293.25079345703125,3,1
CCCCCn1cc[n+](C)c1|O=S(=O)([N-]S(=O)(=O)C(F)(F)F)C(F)(F)F,262.6000061035156,276.4834289550781,3,2
CC[N+](CC)(CC)CCOC|F[B-](F)(F)C(F)(F)C(F)(F)F,276.1000061035156,309.0245666503906,3,1
CCCC[N+](C)(CC)CC|F[B-](F)(F)C(F)(F)C(F)(F)C(F)(F)F,323.1000061035156,308.333984375,3,1
CC[N+](C)(CC)CCOC|F[B-](F)(F)C(F)(F)F,251.1999969482422,310.8619079589844,3,1
CCC[N+](C)(CC)CC|F[B-](F)(F)C(F)(F)F,368.1000061035156,312.87371826171875,3,1
CCCn1cc[n+](CCC)c1|O=S(=O)([N-]S(=O)(=O)C(F)(F)F)C(F)(F)F,283.8999938964844,277.1044616699219,3,1
COCC[N+](C)(C)C|F[B-](F)(F)F,327.1000061035156,331.2989807128906,3,1
CC[n+]1ccccc1|N#C[N-]C#N,239.9600067138672,279.6515197753906,3,2
CC1=CC=CC=[N+]1CCCC|[Cl-],420.1499938964844,360.8612060546875,3,1
CN1C=C[N+](CCCC)=C1|[O-][N+]([O-])=O,308.1499938964844,331.2851867675781,3,1
CCN1C=C[N+](CCCCCCCCCCCC)=C1|F[P-](F)(F)(F)(F)F,333.1499938964844,328.4289855957031,3,1
CN1C=C[N+](CC)=C1C|C(F)(F)(F)S(=O)(=O)[O-],378.1499938964844,301.2815246582031,3,1
C[N+]1=CN(CC)C=C1|O=C(C)[O-],228.14999389648438,310.8562927246094,3,1
C[N+]1=CN(CC)C=C1|[O-][N+]([O-])=O,311.1499938964844,333.3386535644531,3,1
C[N+]1=CN(CC)C=C1|C(F)(F)(F)S(=O)(=O)[O-],264.1499938964844,276.8077087402344,3,1
C[N+]1(CCC)CCCC1|F[P-](F)(F)(F)(F)F,385.1499938964844,379.487548828125,3,1
C[N+]1=CN(CCC)C=C1|[Br-],301.1499938964844,353.24969482421875,3,1
C[N+]1=CN([H])C=C1|O=S([N-]S(=O)(C(F)(F)F)=O)(C(F)(F)F)=O,322.1499938964844,275.2858581542969,3,1
CCC[N+]1=C(C)NC=C1|[Br-],379.1499938964844,368.3119812011719,3,1
CC1=C[N+](CCC)=CC=C1|[Br-],425.1499938964844,369.8826599121094,3,1
CCCCCCCC[N+](CCCCCCCC)(C)CCCCCCCC|C(F)(F)(F)S(=O)(=O)[O-],330.1499938964844,326.48468017578125,3,1
CCCCCC[P+](CCCCCC)(CCCCCCCCCCCCCC)CCCCCC|O=S([N-]S(=O)(C(F)(F)F)=O)(C(F)(F)F)=O,201.14999389648438,305.3240966796875,3,1
Cc1ccc[n+](CC(=O)Nc2ccc(C)c(F)c2)c1|F[P-](F)(F)(F)(F)F,343.6000061035156,353.421630859375,4,1
CCCCCC[N+]1(C)CCCC1|O=S(=O)([N-]S(=O)(=O)C(F)(F)F)C(F)(F)F,268.29998779296875,291.2417907714844,4,5
CCCCCC[N+]1(C)CCCC1|O=S(=O)([N-]S(=O)(=O)C(F)(F)F)C(F)(F)F,274.1000061035156,291.2417907714844,4,5
CC[n+]1ccn(C)c1|N#C[N-]C#N,267.0,265.7891845703125,4,5
Cc1n(C)cc[n+]1CCCOc1ccccc1|[Br-],371.1000061035156,357.81787109375,4,1
CC[n+]1ccn(C)c1|F[B-](F)(F)F,287.0,297.702392578125,4,9
CC[n+]1ccccc1|O=S(=O)([N-]S(=O)(=O)C(F)(F)F)C(F)(F)F,306.1000061035156,298.99310302734375,4,3
CC[n+]1ccn(C)c1|N#C[N-]C#N,266.0,265.7891845703125,4,5
CCCC[n+]1cccc(C)c1|F[P-](F)(F)(F)(F)F,324.79998779296875,339.04364013671875,4,1
Cn1cc[n+](CCO)c1|CC(=O)[O-],330.1000061035156,292.6016845703125,4,1
CCC[n+]1cn(C)cn1|O=S(=O)([O-])C(F)(F)F,276.3999938964844,287.6246032714844,4,1
CCCC[n+]1ccn(C)c1|CCCCC(CC)COC(=O)CC(C(=O)OCC(CC)CCCC)S(=O)(=O)[O-],254.1999969482422,289.6011962890625,4,1
C[N+](C)(C)CCO|CC(=O)[O-],348.1000061035156,324.29571533203125,4,7
CCCCCCCCCCCCCCSCC(Cn1cc[n+](C)c1)SCCCCCCCCCCCCCC|O=S(=O)([N-]S(=O)(=O)C(F)(F)F)C(F)(F)F,285.8999938964844,290.8997802734375,4,1
CCCC[n+]1ccn(C)c1|O=S(=O)([O-])O,301.1000061035156,308.2707214355469,4,3
CCCC[n+]1cccc(C)c1|O=S(=O)([O-])C(F)(F)F,303.0,317.5124206542969,4,2
CCCC[N+](CCCC)(CCCC)CCCC|C[C@H](N)C(=O)[O-],344.0,318.8650207519531,4,1
CCCCCCCCC[n+]1ccn(C)c1|F[P-](F)(F)(F)(F)F,287.1000061035156,325.0213317871094,4,1
CCCCCC[N+](CCCCCC)(CCCCCC)CCCCCC.O=[N+]([O-])[O-]|O=[N+]([O-])[O-],345.1499938964844,339.66839599609375,4,2
CCCCCCCCCCCCCCCC[n+]1ccsc1|O=S(=O)([N-]S(=O)(=O)C(F)(F)F)C(F)(F)F,330.1000061035156,300.9863586425781,4,1
CCCC[n+]1cccc(C)c1|O=S(=O)([O-])C(F)(F)F,267.0,317.5124206542969,4,2
C[S+](C)C|O=S(=O)([N-]S(=O)(=O)C(F)(F)F)C(F)(F)F,322.42999267578125,333.2093200683594,4,1
CCCCCCCC[N+](CCC)(CCCCCCCC)CCCCCCCC|[Br-],351.1499938964844,354.85888671875,4,1
c(N(CCCCCCCCCC)CCCCCCCCCC)1c(N(CCCCCCCCCC)CCCCCCCCCC)[c+]1N(CCCCCCCCCC)CCCCCCCCCC|[N-](C#N)C#N,260.1000061035156,326.02838134765625,4,1
c(N(CCC)CCC)1c(N(CCC)CCC)[c+]1N(CCC)CCC|[N-](S(=O)(=O)C(F)(F)F)S(=O)(=O)C(F)(F)F,307.1000061035156,304.49462890625,4,1
C=C[n+]1ccn(CC(=O)OCC)c1|[Cl-],325.75,339.88818359375,4,1
CCCCCCCCCCCCOC(=O)C[N+](C)(C)C|N#C[N-]C#N,331.1000061035156,326.7254943847656,4,1
c(N(CC)CC)1c(N(CC)CC)[c+]1N(CCCC)CCCC|[N-](C#N)C#N,303.1000061035156,299.0459289550781,4,1
CCCCCCCCCC[n+]1ccn(C)c1|[Cl-],311.20001220703125,335.73492431640625,4,2
CCCCCCCCCCCCCCCCCCCCCCOC(=O)C[N+](C)(C)C|N#C[N-]C#N,353.0,333.1601257324219,4,1
CCCC[n+]1ccn(C)c1|O=S(=O)([N-]S(=O)(=O)C(F)(F)F)C(F)(F)F,269.6000061035156,283.0899658203125,4,12
CCCCCCCCCCCC[n+]1ccn(C)c1|O=S(=O)([N-]S(=O)(=O)C(F)(F)F)C(F)(F)F,292.3999938964844,296.59771728515625,4,3
CCCCCCCCCC[N+](C)(C)CCCCCCCCCC.O=[N+]([O-])[O-]|O=[N+]([O-])[O-],304.79998779296875,342.0950927734375,4,1
CCCCCC[N+]1(C)CCCC1|O=S(=O)([N-]S(=O)(=O)C(F)(F)F)C(F)(F)F,277.20001220703125,291.2417907714844,4,5
CC[S+](CC)CC|O=S(=O)([N-]S(=O)(=O)C(F)(F)F)C(F)(F)F,262.79998779296875,311.8773193359375,4,1
CCCCCC[N+]1(C)CCCC1|O=S(=O)([N-]S(=O)(=O)C(F)(F)F)C(F)(F)F,277.3500061035156,291.2417907714844,4,5
CCCCCCCCCCCC[n+]1ccn(C)c1|O=S(=O)([N-]S(=O)(=O)C(F)(F)F)C(F)(F)F,295.20001220703125,296.59771728515625,4,3
CCCC[n+]1ccn(C)c1|O=S(=O)([N-]S(=O)(=O)C(F)(F)F)C(F)(F)F,267.1000061035156,283.0899658203125,4,12
Cn1cc[n+](Cc2ccccc2)c1|F[P-](F)(F)(F)(F)F,403.1000061035156,358.6130676269531,4,1
C[n+]1ccn(CCc2ccccc2)c1|O=S(=O)([N-]S(=O)(=O)C(F)(F)F)C(F)(F)F,310.1000061035156,319.1802978515625,4,1
CCCCCCCCCCCCCCCCCC[n+]1c(-c2cscn2)n(C)c2ccccc21.O=[N+]([O-])[O-]|CCCCCCCCCCCCCCCCCC[n+]1c(-c2cscn2)n(C)c2ccccc21.O=[N+]([O-])[O-],339.1000061035156,329.026611328125,4,1
CCCCCCCCCC[n+]1c(-c2cscn2)n(C)c2ccccc21.O=[N+]([O-])[O-]|CCCCCCCCCC[n+]1c(-c2cscn2)n(C)c2ccccc21.O=[N+]([O-])[O-],342.1000061035156,337.2773132324219,4,1
CCCCCCCCCCCCCC[n+]1c(-c2cscn2)n(C)c2ccccc21|CCCCCCCCCCCCCC[n+]1c(-c2cscn2)n(C)c2ccccc21.F[B-](F)(F)F,333.1000061035156,332.18939208984375,4,1
CCCCCCCC[n+]1c(-c2cscn2)n(C)c2ccccc21|CCCCCCCC[n+]1c(-c2cscn2)n(C)c2ccccc21.O=S(=O)([O-])C(F)(F)F,355.1000061035156,334.0695495605469,4,1
Cn1cc[n+](CC(CBr)N=[N+]=[N-])c1|Cn1cc[n+](CC(CBr)N=[N+]=[N-])c1.[Br-],283.0,288.6712341308594,4,1
CCCCCC[n+]1ccn(C)c1.O=[N+]([O-])c1cn[n-]c1|O=[N+]([O-])c1cn[n-]c1,306.0,312.92626953125,4,1
C(CCCCCCC[N+]1(CCOCC1)C)[N+]1(CCOCC1)C|FC(S(=O)(=O)[N-]S(=O)(=O)C(F)(F)F)(F)F.FC(F)(F)S(=O)(=O)[N-]S(=O)(=O)C(F)(F)F,321.79998779296875,314.0340576171875,4,1
C[N+](C)(C)CCO|CCCC(=O)[O-],315.9800109863281,317.9039001464844,4,1
CCCC[n+]1ccn(C)c1|O=S(=O)([O-])O,293.0,308.2707214355469,4,3
C=Cn1cc[n+](CC(C[n+]2ccn(C)c2)N=[N+]=[N-])c1|C=Cn1cc[n+](CC(C[n+]2ccn(C)c2)N=[N+]=[N-])c1.N#C[N-]C#N.N#C[N-]C#N,292.0,327.32269287109375,4,1
C[N+](C)(C)CCO|CC(=O)[O-],362.6199951171875,324.29571533203125,4,7
CC[P+](CC)(CC)C1CCCC1.O=[N+]([O-])c1cn[n-]c1|O=[N+]([O-])c1cn[n-]c1,324.0,319.0871887207031,4,1
Cn1cc[n+](CCO)c1|O=S(=O)([O-])C(F)(F)C(F)(F)C(F)(F)C(F)(F)F,251.5,293.1987609863281,4,1
[Fe+3]|N#C[C-](C#N)[C](C#N)C#N.CCCC[c-]1c(C)c(C)c(C)c1C.[cH-]1c(C)c(C)c(C)c1C,373.3500061035156,336.89556884765625,4,1
CCCCCCCC[P+](CC)(CC)CC.O=[N+]([O-])c1cn[n-]c1|O=[N+]([O-])c1cn[n-]c1,278.0,303.3462219238281,4,1
CCCC[n+]1ccn(C)c1|O=S(=O)([N-]S(=O)(=O)C(F)(F)F)C(F)(F)F,271.1000061035156,283.0899658203125,4,12
C[N+](C)(C)CCO|O=C([O-])c1ccccc1,320.1000061035156,346.184814453125,4,1
C[N+](C)(C)CCO|CC(=O)[O-],324.1000061035156,324.29571533203125,4,7
CCCCCCC[N+](CC)(CC)CC|c1c[n-]nn1,356.0,325.84075927734375,4,1
CCCC[n+]1ccn(C)c1|O=S(=O)([N-]S(=O)(=O)C(F)(F)F)C(F)(F)F,269.0,283.0899658203125,4,12
CC[n+]1ccc(C)cc1|O=S(=O)([N-]S(=O)(=O)C(F)(F)F)C(F)(F)F,288.0,308.2594299316406,4,2
CC[n+]1ccc(C)cc1|O=S(=O)([N-]S(=O)(=O)C(F)(F)F)C(F)(F)F,289.0,308.2594299316406,4,2
CCCCCCCCCCCCn1cc[n+](CCCCCCCCCCCC)c1|Cl[Fe-](Cl)(Cl)Br,298.20001220703125,307.1269226074219,4,1
CCCC[n+]1ccn(C)c1|O=S(=O)([O-])O,301.8999938964844,308.2707214355469,4,3
CCCCCCCCCCCCCC[n+]1ccn(C)c1|O=S(=O)([N-]S(=O)(=O)C(F)(F)F)C(F)(F)F,307.5,297.62713623046875,4,2
CCCCCCCCCC[n+]1ccn(C)c1|[Cl-],302.1000061035156,335.73492431640625,4,2
CC[n+]1ccn(C)c1|N#C[N-]C#N,263.6000061035156,265.7891845703125,4,5
CCCCCCCCCCCC[n+]1ccn(C)c1|O=S(=O)([N-]S(=O)(=O)C(F)(F)F)C(F)(F)F,295.6000061035156,296.59771728515625,4,3
CCCCCCCCn1cc[n+](C)c1|O=S(=O)([N-]S(=O)(=O)C(F)(F)F)C(F)(F)F,249.80999755859375,292.136474609375,4,1
COCC[N+]1(C)CCCC1|F[P-](F)(F)(F)(F)F,307.0,388.17523193359375,4,1
CCC[N+]1(C)CCCC1|CC(=O)[O-],289.79998779296875,329.8778076171875,4,1
CCCCCCCCCCCC[N+](C)(C)C12CC3CC(CC(C3)C1)C2|O=S(=O)([N-]S(=O)(=O)C(F)(F)F)C(F)(F)F,319.3999938964844,323.98699951171875,4,1
CCCC[n+]1ccn(C)c1|O=S(=O)([N-]S(=O)(=O)C(F)(F)F)C(F)(F)F,270.1000061035156,283.0899658203125,4,12
CCCCCC[N+](C)(C)C12CC3CC(CC(C3)C1)C2|O=S(=O)(F)[N-]S(=O)(=O)F,340.79998779296875,348.1402282714844,4,1
Cn1cc[n+](CCCC[n+]2ccn(C)c2)c1|O=S(=O)([O-])O.O=S(=O)([O-])O,228.92999267578125,313.6017761230469,4,1
CCC[N+](C)(C)CC|O=S(=O)([N-]S(=O)(=O)C(F)(F)F)C(F)(F)F,261.1000061035156,303.9781188964844,4,2
C[N+](C)(C)CCO|CC(=O)[O-],340.75,324.29571533203125,4,7
CC[n+]1ccccc1|O=S(=O)([N-]S(=O)(=O)C(F)(F)F)C(F)(F)F,303.6000061035156,298.99310302734375,4,3
COC[n+]1ccn(C)c1|[Cl-],340.1000061035156,346.1050720214844,4,1
CCCC[n+]1ccn(C)c1|O=S(=O)([N-]S(=O)(=O)C(F)(F)F)C(F)(F)F,272.1000061035156,283.0899658203125,4,12
C[n+]1ccn(CCCCn2cc[n+](C)c2)c1|F[B-](F)(F)F.F[B-](F)(F)F,353.6000061035156,314.6043701171875,4,1
CCCCC[N+]1(C)CCCC1|O=S(=O)([N-]S(=O)(=O)C(F)(F)F)C(F)(F)F,281.1000061035156,291.917724609375,4,2
CCCCCC[N+]1(C)CCCC1|O=S(=O)([N-]S(=O)(=O)C(F)(F)F)C(F)(F)F,276.1000061035156,291.2417907714844,4,5
CCC[N+](C)(C)CC|O=S(=O)([N-]S(=O)(=O)C(F)(F)F)C(F)(F)F,263.1000061035156,303.9781188964844,4,2
CC[n+]1ccn(C)c1|CCCCCCCCCCCCCCCCCC(=O)[O-],333.8999938964844,338.68743896484375,4,1
C[N+](C)(C)CCO|CC(=O)[O-],355.79998779296875,324.29571533203125,4,7
C[N+](C)(C)CCO|CC(=O)[O-],345.1000061035156,324.29571533203125,4,7
CCCC[n+]1ccn(C)c1|COC(=O)C(=O)[O-],330.0,290.3363037109375,4,1
CCCCCC[N+](CCCCCC)(CCCCCC)CCCCCC.O=[N+]([O-])[O-]|O=[N+]([O-])[O-],335.1000061035156,339.66839599609375,4,2
CC[n+]1ccn(C)c1|F[B-](F)(F)F,288.1000061035156,297.702392578125,4,9
FC(F)(F)C(F)(F)C(F)(F)C(F)(F)C(F)(F)C(F)(F)C(F)(F)C(F)(F)CCSCCC[n+]1ccn(CCCCCCCCCCn2cc[n+](CCCSCCC(F)(F)C(F)(F)C(F)(F)C(F)(F)C(F)(F)C(F)(F)C(F)(F)C(F)(F)F)c2)c1|O=S(=O)([N-]S(=O)(=O)C(F)(F)F)C(F)(F)F.O=S(=O)([N-]S(=O)(=O)C(F)(F)F)C(F)(F)F,290.1000061035156,315.8168029785156,4,1
CCCCCCCC/C=C/CCCCCCCCn1cc[n+](C)c1|O=S(=O)([N-]S(=O)(=O)C(F)(F)F)C(F)(F)F,289.20001220703125,296.4845886230469,4,1
CC[n+]1ccn(C)c1|F[B-](F)(F)F,277.6000061035156,297.702392578125,4,9
CCCCCCCC[n+]1ccn(C)c1|F[P-](F)(F)(F)(F)F,272.20001220703125,322.98779296875,4,1
CC[n+]1ccn(C)c1|F[B-](F)(F)F,284.1000061035156,297.702392578125,4,9
CCCC[N+](C)(CCCC)CCCC|CS(=O)(=O)[O-],351.1000061035156,336.53765869140625,4,1
CCCC[N+]1(C)CCCC1|O=S(=O)(F)[N-]S(=O)(=O)F,253.5,295.371826171875,4,3
CCCn1cc[n+](C)c1C|F[P-](F)(F)(F)(F)F,351.1000061035156,342.3074645996094,4,1
CCC[N+]1(C)CCCCC1|F[P-](F)(F)(F)(F)F,368.20001220703125,396.12445068359375,4,1
CC(C)n1cc[n+](C)c1|O=S(=O)([N-]S(=O)(=O)C(F)(F)F)C(F)(F)F,289.1000061035156,304.326171875,4,2
CC[N+](CC)(CC)CC|O=S(=O)([C-](S(=O)(=O)C(F)(F)F)S(=O)(=O)C(F)(F)F)C(F)(F)F,319.1000061035156,334.5390625,4,1
CC[n+]1ccn(C)c1|F[B-](F)(F)F,286.1000061035156,297.702392578125,4,9
CC[n+]1ccn(C)c1|F[B-](F)(F)F,288.0,297.702392578125,4,9
Cc1cc(C)[n+](-c2ccc(Br)cc2)n1C|CS(=O)(=O)[O-].Cc1cc(C)[n+](-c2ccc(Br)cc2)n1C,349.45001220703125,351.8052978515625,4,1
CCCC[n+]1ccn(C)c1|O=S(=O)([N-]S(=O)(=O)C(F)(F)F)C(F)(F)F,269.1000061035156,283.0899658203125,4,12
CCCC[n+]1ccc(C)cc1|O=S(=O)([O-])C(F)(F)C(F)(F)C(F)(F)C(F)(F)F,343.1000061035156,310.71661376953125,4,1
CCCC[P+](CCCC)(CCCC)CCCC(=O)OCC|[Br-],361.1000061035156,351.93212890625,4,1
C[N+](C)(C)CCO|CC(=O)[O-],359.1000061035156,324.29571533203125,4,7
CCCCCCCC[n+]1cccc(C)c1|[Cl-],353.20001220703125,341.6351623535156,4,4
CCCC[N+]1(C)CCCCC1|O=S(=O)([O-])C(F)(F)F,309.1000061035156,316.2420349121094,4,1
CCOC(=O)CCC[N+]1(C)CCCC1|[Br-],346.1000061035156,393.3341979980469,4,1
CCCC[n+]1cc(C)cc(C)c1C|O=S(=O)([O-])C(F)(F)F,347.1000061035156,329.0718078613281,4,1
CCCCCCn1cc[n+](C)c1|O=S(=O)([O-])C(F)(F)C(F)(F)C(F)(F)C(F)(F)F,296.75,298.5294189453125,4,1
CCCC[N+](CCCC)(CCCC)CCCC|O=S(=O)([O-])C(F)(F)C(F)(F)C(F)(F)C(F)(F)F,327.1300048828125,314.5174560546875,4,1
CCCCCCCC[n+]1cccc(C)c1|[Cl-],352.29998779296875,341.6351623535156,4,4
CCCC[n+]1ccn(C)c1|O=S(=O)([N-]S(=O)(=O)C(F)(F)F)C(F)(F)F,266.6000061035156,283.0899658203125,4,12
CCCCCCCCCCCCCCCCCCn1cc[n+](C)c1|F[P-](F)(F)(F)(F)F,353.1000061035156,336.4072265625,4,1
CCC[n+]1cccc(C)c1|[Cl-],365.1000061035156,361.651123046875,4,1
CCCCCCC[n+]1cccc(C)c1|[Cl-],345.1000061035156,342.5152587890625,4,1
CC(C)C[N+]1(C)CCCC1|O=S(=O)([N-]S(=O)(=O)C(F)(F)F)C(F)(F)F,272.8999938964844,329.03173828125,4,1
CCCCCCCC[N+](C)(CCCCCCCC)CCCCCCCC|CCCCCCCC/C=C\CCCCCCCC(=O)[O-],267.20001220703125,257.97149658203125,4,1
CCCCCCCC[n+]1cccc(C)c1|[Cl-],347.1000061035156,341.6351623535156,4,4
CCCCCCCC[n+]1cc(C)cc(C)c1|[I-],355.1000061035156,343.3988342285156,4,1
CCCCCCCCCCCCCCCC[n+]1ccccc1|CC(=O)Oc1ccccc1C(=O)[O-],316.3999938964844,309.9966125488281,4,1
CCCCCCCC[n+]1cccc(C)c1|[Cl-],342.1000061035156,341.6351623535156,4,4
CCCC[n+]1ccn(C)c1|O=S(=O)([N-]S(=O)(=O)C(F)(F)F)C(F)(F)F,270.3999938964844,283.0899658203125,4,12
COC(=O)[C@@H]1CCC[N+]1(C)C|COS(=O)(=O)[O-],230.39999389648438,374.8338623046875,4,1
CCCCCCCCCCCCCCCC[N+]1(C)CCCCC1|[Cl-],365.8999938964844,364.55279541015625,4,1
CCCC[N+]1(C)CCCC1|F[B-](F)(F)F,424.0,338.2144775390625,4,2
CC[n+]1ccn(C)c1|N#C[C-](C#N)C#N,274.8999938964844,281.1119689941406,4,1
CCCC[N+]1(C)CCCC1|O=S(=O)(F)[N-]S(=O)(=O)F,255.3000030517578,295.371826171875,4,3
CCCC[n+]1ccn(C)c1|O=S(=O)([N-]S(=O)(=O)C(F)(F)F)C(F)(F)F,270.3500061035156,283.0899658203125,4,12
CCCC[N+]1(C)CCCC1|O=S(=O)(F)[N-]S(=O)(=O)F,258.1000061035156,295.371826171875,4,3
CCCCCCCCCCCCCC[n+]1ccn(C)c1|O=S(=O)([N-]S(=O)(=O)C(F)(F)F)C(F)(F)F,308.1000061035156,297.62713623046875,4,2
CCCC[N+]1(C)CCCC1|O=S(=O)([N-]S(=O)(=O)C(F)(F)C(F)(F)C(F)(F)C(F)(F)F)C(F)(F)C(F)(F)C(F)(F)C(F)(F)F,371.0,322.05584716796875,4,1
CC[n+]1ccn(C)c1|F[B-](F)(F)F,287.6000061035156,297.702392578125,4,9
CCCCCCCCCCCC[n+]1ccn(C)c1|F[P-](F)(F)(F)(F)F,333.1000061035156,330.294189453125,4,1
CCCCCCCCCC[n+]1ccn(C)c1|F[B-](F)(F)F,280.0,311.9400634765625,4,1
CC[n+]1ccccc1|CS(=O)(=O)[O-],335.1000061035156,326.0806884765625,4,1
CC[n+]1ccn(C)c1|N#C[N-]C#N,268.29998779296875,265.7891845703125,4,5
CCCn1cc[n+](C)c1|[I-],290.1000061035156,345.8619079589844,4,2
CC[n+]1ccn(C)c1|F[B-](F)(F)F,287.1000061035156,297.702392578125,4,9
CCCn1cc[n+](C)c1|[I-],291.3999938964844,345.8619079589844,4,2
CC[n+]1ccn(C)c1|F[B-](F)(F)F,286.6000061035156,297.702392578125,4,9
CC[n+]1ccccc1|O=S(=O)([N-]S(=O)(=O)C(F)(F)F)C(F)(F)F,305.1000061035156,298.99310302734375,4,3
c(N(C)C)1c(N(C)C)[c+]1N(CCCCCC)CCCCCC|[N-](S(=O)(=O)C(F)(F)F)S(=O)(=O)C(F)(F)F,294.1000061035156,309.8189392089844,4,1
CC[n+]1ccn(C)c1|N#C[N-]C#N,267.70001220703125,265.7891845703125,4,5
c(N(C)C)1c(N(C)C)[c+]1N(CC)C|[N-](S(=O)(=O)C(F)(F)F)S(=O)(=O)C(F)(F)F,336.1000061035156,315.9990539550781,4,1
CCCCCCCCCCn1cc[n+](CCCCCCCCCC)c1C|N#C[N-]C#N,350.79998779296875,305.6671447753906,4,1
Cn1c[n+](C)nc1N=[N+]=[N-]|Cn1c[n+](C)nc1N=[N+]=[N-].[O-]Cl(=O)(=O)=O,341.1000061035156,331.03057861328125,4,1
CC(C)n1cc[n+](C)c1|O=S(=O)([N-]S(=O)(=O)C(F)(F)F)C(F)(F)F,282.1000061035156,304.326171875,4,2
CC[n+]1ccn(C)c1|O=S(=O)(F)[N-]S(=O)(=O)F,263.0,282.7081298828125,4,2
CC[n+]1ccn(C)c1|O=S(=O)(F)[N-]S(=O)(=O)F,259.1000061035156,282.7081298828125,4,2
CCCC[n+]1ccn(C)c1|O=S(=O)([N-]S(=O)(=O)C(F)(F)F)C(F)(F)F,268.5,283.0899658203125,4,12
CCCCCn1cc[n+](C)c1|[Cl-],349.1000061035156,332.0205383300781,4,1
CCCCn1cc[n+](CC[n+]2ccn(CCCC)c2)c1|[Br-].[Br-],373.79998779296875,330.39776611328125,4,1
CCCCCC[N+](CC)(CC)CC|O=S(=O)([O-])C(F)(F)F,347.8299865722656,320.33135986328125,4,1
C[N+](C)(C)CCCC#N|F[B-](F)(F)F,334.04998779296875,345.9539489746094,4,1
N#CCCC[n+]1ccccc1|[Cl-],342.3500061035156,352.1833190917969,4,1
COCC[N+](C)(C)C|F[B-](F)(F)C(F)(F)F,350.1000061035156,292.3000183105469,4,1
CCn1cc[n+](CC)c1|O=S(=O)([N-]S(=O)(=O)C(F)(F)F)C(F)(F)F,285.5,286.02587890625,4,1
CCCC[n+]1ccn(C)c1|O=S(=O)([N-]S(=O)(=O)C(F)(F)F)C(F)(F)F,270.0,283.0899658203125,4,12
CCC[N+](C)(CC)CC|F[B-](F)(F)C(F)(F)C(F)(F)F,327.1000061035156,300.1846923828125,4,1
CCCC[N+](C)(CC)CC|F[B-](F)(F)C(F)(F)C(F)(F)C(F)(F)C(F)(F)F,333.1000061035156,309.50335693359375,4,1
CC[N+](CC)(CC)CCOC|F[B-](F)(F)C(F)(F)C(F)(F)C(F)(F)F,279.1000061035156,309.3994140625,4,1
CCCCC[N+]1(C)CCCC1|O=S(=O)([N-]S(=O)(=O)C(F)(F)F)C(F)(F)F,283.0,291.917724609375,4,2
CCCC[N+]1(C)CCCC1|F[B-](F)(F)F,425.0,338.2144775390625,4,2
CC[N+](C)(C)CCOC|F[B-](F)(F)F,277.1000061035156,322.83294677734375,4,1
C[N+]1=C(C)N(CCC)C=C1|[Br-],393.1499938964844,364.6716613769531,4,1
C[N+]1=CN(CC2=CC=CC=C2)C=C1|[Cl-],348.1499938964844,371.3575134277344,4,1
C[N+]1(CCCC)CCCCC1|[Br-],504.1499938964844,423.0982666015625,4,1
CN1C=C[N+](CCCC)=C1C|C(F)(F)(F)S(=O)(=O)[O-],313.1499938964844,320.2725524902344,4,1
CC1=CC=CC=[N+]1CCCC|[Br-],425.1499938964844,361.03009033203125,4,1
CC1=CC=[N+](CCCC)C=C1|[Cl-],435.1499938964844,355.5513916015625,4,1
CCCC[N+]1=CC=CC=C1|[Cl-],404.1499938964844,347.93798828125,4,1
CCN1C=C[N+](CCCCCCCCCCCC)=C1|F[B-](F)(F)F,299.1499938964844,316.59637451171875,4,1
CC[N+]1=C(C)C=CC=C1|[Br-],393.1499938964844,374.2066650390625,4,1
C[N+]1=CN(CC)C=C1|[O-]S(=O)(C1=CC=C(C)C=C1)=O,307.1499938964844,323.1101379394531,4,1
C[N+]1=CN(CC)C=C1|O=C(C(F)(F)F)[O-],259.1499938964844,288.7890625,4,1
CCCCCC[N+]1=CC=CC=C1|F[P-](F)(F)(F)(F)F,323.1499938964844,328.9129333496094,4,1
C[N+]1(CCC)CCCCC1|[Br-],520.1500244140625,430.75604248046875,4,1
C[N+]1(CCC)CCCC1|F[B-](F)(F)F,328.1499938964844,344.7141418457031,4,1
C[N+]1=CN(CCCCCCCCCCCCCCCCCC)C=C1|[Cl-],483.1499938964844,341.9505615234375,4,1
